time,student_id,
1970-01-16 18:54:55,1,1.0
1970-01-16 18:54:59,1,1.0
1970-01-16 18:55:02,1,1.0
1970-01-16 18:55:06,1,1.0
1970-01-16 18:55:09,1,1.0
1970-01-16 18:55:13,1,1.0
1970-01-16 18:55:17,1,1.0
1970-01-16 18:55:20,1,1.0
1970-01-16 18:55:24,1,1.0
1970-01-16 18:55:27,1,1.0
1970-01-16 18:55:31,1,1.0
1970-01-16 18:55:35,1,1.0
1970-01-16 18:55:38,1,1.0
1970-01-16 18:55:42,1,1.0
1970-01-16 18:55:45,1,1.0
1970-01-16 18:55:49,1,1.0
1970-01-16 18:55:53,1,1.0
1970-01-16 18:55:56,1,1.0
1970-01-16 18:56:00,1,1.0
1970-01-16 18:56:03,1,1.0
1970-01-16 18:56:07,1,1.0
1970-01-16 18:56:11,1,1.0
1970-01-16 18:56:14,1,1.0
1970-01-16 18:56:18,1,1.0
1970-01-16 18:56:21,1,1.0
1970-01-16 18:56:25,1,1.0
1970-01-16 18:56:29,1,1.0
1970-01-16 18:56:32,1,1.0
1970-01-16 18:56:36,1,1.0
1970-01-16 18:56:39,1,1.0
1970-01-16 18:56:43,1,1.0
1970-01-16 18:56:47,1,1.0
1970-01-16 18:56:50,1,1.0
1970-01-16 18:56:54,1,1.0
1970-01-16 18:56:57,1,1.0
1970-01-16 18:57:01,1,1.0
1970-01-16 18:57:05,1,1.0
1970-01-16 18:57:08,1,1.0
1970-01-16 18:57:12,1,1.0
1970-01-16 18:57:15,1,1.0
1970-01-16 18:57:19,1,1.0
1970-01-16 18:57:23,1,1.0
1970-01-16 18:57:26,1,1.0
1970-01-16 18:57:30,1,1.0
1970-01-16 18:57:33,1,1.0
1970-01-16 18:57:37,1,1.0
1970-01-16 18:57:41,1,1.0
1970-01-16 18:57:44,1,1.0
1970-01-16 18:57:48,1,1.0
1970-01-16 18:57:51,1,1.0
1970-01-16 18:57:55,1,1.0
1970-01-16 18:57:59,1,1.0
1970-01-16 18:58:02,1,1.0
1970-01-16 18:58:06,1,1.0
1970-01-16 18:58:09,1,1.0
1970-01-16 18:58:13,1,1.0
1970-01-16 18:58:17,1,1.0
1970-01-16 18:58:20,1,1.0
1970-01-16 18:58:24,1,1.0
1970-01-16 18:58:27,1,1.0
1970-01-16 18:58:31,1,1.0
1970-01-16 18:58:35,1,1.0
1970-01-16 18:58:38,1,1.0
1970-01-16 18:58:42,1,1.0
1970-01-16 18:58:45,1,1.0
1970-01-16 18:58:49,1,1.0
1970-01-16 18:58:53,1,1.0
1970-01-16 18:58:56,1,1.0
1970-01-16 18:59:00,1,1.0
1970-01-16 18:59:03,1,1.0
1970-01-16 18:59:07,1,1.0
1970-01-16 18:59:11,1,1.0
1970-01-16 18:59:14,1,1.0
1970-01-16 18:59:18,1,1.0
1970-01-16 18:59:21,1,1.0
1970-01-16 18:59:25,1,1.0
1970-01-16 18:59:29,1,1.0
1970-01-16 18:59:32,1,1.0
1970-01-16 18:59:36,1,1.0
1970-01-16 18:59:39,1,1.0
1970-01-16 18:59:43,1,1.0
1970-01-16 18:59:47,1,1.0
1970-01-16 18:59:50,1,1.0
1970-01-16 18:59:54,1,1.0
1970-01-16 18:59:57,1,1.0
1970-01-16 19:00:01,1,1.0
1970-01-16 19:00:05,1,1.0
1970-01-16 19:00:08,1,1.0
1970-01-16 19:00:12,1,1.0
1970-01-16 19:00:15,1,1.0
1970-01-16 19:00:19,1,1.0
1970-01-16 19:00:23,1,1.0
1970-01-16 19:00:26,1,1.0
1970-01-16 19:00:30,1,1.0
1970-01-16 19:00:33,1,1.0
1970-01-16 19:00:37,1,1.0
1970-01-16 19:00:41,1,1.0
1970-01-16 19:00:44,1,1.0
1970-01-16 19:00:48,1,1.0
1970-01-16 19:00:51,1,1.0
1970-01-16 19:00:55,1,1.0
1970-01-16 19:00:59,1,1.0
1970-01-16 19:01:02,1,1.0
1970-01-16 19:01:06,1,1.0
1970-01-16 19:01:09,1,1.0
1970-01-16 19:01:13,1,1.0
1970-01-16 19:01:17,1,1.0
1970-01-16 19:01:20,1,1.0
1970-01-16 19:01:24,1,1.0
1970-01-16 19:01:27,1,1.0
1970-01-16 19:01:31,1,1.0
1970-01-16 19:01:35,1,1.0
1970-01-16 19:01:38,1,1.0
1970-01-16 19:01:42,1,1.0
1970-01-16 19:01:45,1,1.0
1970-01-16 19:01:49,1,1.0
1970-01-16 19:01:53,1,1.0
1970-01-16 19:01:56,1,1.0
1970-01-16 19:02:00,1,1.0
1970-01-16 19:02:03,1,1.0
1970-01-16 19:02:07,1,1.0
1970-01-16 19:02:11,1,1.0
1970-01-16 19:02:14,1,1.0
1970-01-16 19:02:18,1,1.0
1970-01-16 19:02:21,1,1.0
1970-01-16 19:02:25,1,1.0
1970-01-16 19:02:29,1,1.0
1970-01-16 19:02:32,1,1.0
1970-01-16 19:02:36,1,1.0
1970-01-16 19:02:39,1,1.0
1970-01-16 19:02:43,1,1.0
1970-01-16 19:02:47,1,1.0
1970-01-16 19:02:50,1,1.0
1970-01-16 19:02:54,1,1.0
1970-01-16 19:02:57,1,1.0
1970-01-16 19:03:01,1,1.0
1970-01-16 19:03:05,1,1.0
1970-01-16 19:03:08,1,1.0
1970-01-16 19:03:12,1,1.0
1970-01-16 19:03:15,1,1.0
1970-01-16 19:03:19,1,1.0
1970-01-16 19:03:23,1,1.0
1970-01-16 19:03:26,1,1.0
1970-01-16 19:03:30,1,1.0
1970-01-16 19:03:33,1,1.0
1970-01-16 19:03:37,1,1.0
1970-01-16 19:03:41,1,1.0
1970-01-16 19:03:44,1,1.0
1970-01-16 19:03:48,1,1.0
1970-01-16 19:03:51,1,1.0
1970-01-16 19:03:55,1,1.0
1970-01-16 19:03:59,1,1.0
1970-01-16 19:04:02,1,1.0
1970-01-16 19:04:06,1,1.0
1970-01-16 19:04:09,1,1.0
1970-01-16 19:04:13,1,1.0
1970-01-16 19:04:17,1,1.0
1970-01-16 19:04:20,1,1.0
1970-01-16 19:04:24,1,1.0
1970-01-16 19:04:27,1,1.0
1970-01-16 19:04:31,1,1.0
1970-01-16 19:04:35,1,1.0
1970-01-16 19:04:38,1,1.0
1970-01-16 19:04:42,1,1.0
1970-01-16 19:04:45,1,1.0
1970-01-16 19:04:49,1,1.0
1970-01-16 19:04:53,1,1.0
1970-01-16 19:04:56,1,1.0
1970-01-16 19:05:00,1,1.0
1970-01-16 19:05:03,1,1.0
1970-01-16 19:05:07,1,1.0
1970-01-16 19:05:11,1,1.0
1970-01-16 19:05:14,1,1.0
1970-01-16 19:05:18,1,1.0
1970-01-16 19:05:21,1,1.0
1970-01-16 19:05:25,1,1.0
1970-01-16 19:05:29,1,1.0
1970-01-16 19:05:32,1,1.0
1970-01-16 19:05:36,1,1.0
1970-01-16 19:05:39,1,1.0
1970-01-16 19:05:43,1,1.0
1970-01-16 19:05:47,1,1.0
1970-01-16 19:05:50,1,1.0
1970-01-16 19:05:54,1,1.0
1970-01-16 19:05:57,1,1.0
1970-01-16 19:06:01,1,1.0
1970-01-16 19:06:05,1,1.0
1970-01-16 19:06:08,1,1.0
1970-01-16 19:06:12,1,1.0
1970-01-16 19:06:15,1,1.0
1970-01-16 19:06:19,1,1.0
1970-01-16 19:06:23,1,1.0
1970-01-16 19:06:26,1,1.0
1970-01-16 19:06:30,1,1.0
1970-01-16 19:06:33,1,1.0
1970-01-16 19:06:37,1,1.0
1970-01-16 19:06:41,1,1.0
1970-01-16 19:06:44,1,1.0
1970-01-16 19:06:48,1,1.0
1970-01-16 19:06:51,1,1.0
1970-01-16 19:06:55,1,1.0
1970-01-16 19:06:59,1,1.0
1970-01-16 19:07:02,1,1.0
1970-01-16 19:07:06,1,1.0
1970-01-16 19:07:09,1,1.0
1970-01-16 19:07:13,1,1.0
1970-01-16 19:07:17,1,1.0
1970-01-16 19:07:20,1,1.0
1970-01-16 19:07:24,1,1.0
1970-01-16 19:07:27,1,1.0
1970-01-16 19:07:31,1,1.0
1970-01-16 19:07:35,1,1.0
1970-01-16 19:07:38,1,1.0
1970-01-16 19:07:42,1,1.0
1970-01-16 19:07:45,1,1.0
1970-01-16 19:07:49,1,1.0
1970-01-16 19:07:53,1,1.0
1970-01-16 19:07:56,1,1.0
1970-01-16 19:08:00,1,1.0
1970-01-16 19:08:03,1,1.0
1970-01-16 19:08:07,1,1.0
1970-01-16 19:08:11,1,1.0
1970-01-16 19:08:14,1,1.0
1970-01-16 19:08:18,1,1.0
1970-01-16 19:08:21,1,1.0
1970-01-16 19:08:25,1,1.0
1970-01-16 19:08:29,1,1.0
1970-01-16 19:08:32,1,1.0
1970-01-16 19:08:36,1,1.0
1970-01-16 19:08:39,1,1.0
1970-01-16 19:08:43,1,1.0
1970-01-16 19:08:47,1,1.0
1970-01-16 19:08:50,1,1.0
1970-01-16 19:08:54,1,1.0
1970-01-16 19:08:57,1,1.0
1970-01-16 19:09:01,1,1.0
1970-01-16 19:09:05,1,1.0
1970-01-16 19:09:08,1,1.0
1970-01-16 19:09:12,1,1.0
1970-01-16 19:09:15,1,1.0
1970-01-16 19:09:19,1,1.0
1970-01-16 19:09:23,1,1.0
1970-01-16 19:09:26,1,1.0
1970-01-16 19:09:30,1,1.0
1970-01-16 19:09:33,1,1.0
1970-01-16 19:09:37,1,1.0
1970-01-16 19:09:41,1,1.0
1970-01-16 19:09:44,1,1.0
1970-01-16 19:09:48,1,1.0
1970-01-16 19:09:51,1,1.0
1970-01-16 19:09:55,1,1.0
1970-01-16 19:09:59,1,1.0
1970-01-16 19:10:02,1,1.0
1970-01-16 19:10:06,1,1.0
1970-01-16 19:10:09,1,1.0
1970-01-16 19:10:13,1,1.0
1970-01-16 19:10:17,1,1.0
1970-01-16 19:10:20,1,1.0
1970-01-16 19:10:24,1,1.0
1970-01-16 19:10:27,1,1.0
1970-01-16 19:10:31,1,1.0
1970-01-16 19:10:35,1,1.0
1970-01-16 19:10:38,1,1.0
1970-01-16 19:10:42,1,1.0
1970-01-16 19:10:45,1,1.0
1970-01-16 19:10:49,1,1.0
1970-01-16 19:10:53,1,1.0
1970-01-16 19:10:56,1,1.0
1970-01-16 19:11:00,1,1.0
1970-01-16 19:11:03,1,1.0
1970-01-16 19:11:07,1,1.0
1970-01-16 19:11:11,1,1.0
1970-01-16 19:11:14,1,1.0
1970-01-16 19:11:18,1,1.0
1970-01-16 19:11:21,1,1.0
1970-01-16 19:11:25,1,1.0
1970-01-16 19:11:29,1,1.0
1970-01-16 19:11:32,1,1.0
1970-01-16 19:11:36,1,1.0
1970-01-16 19:11:39,1,1.0
1970-01-16 19:11:43,1,1.0
1970-01-16 19:11:47,1,1.0
1970-01-16 19:11:50,1,1.0
1970-01-16 19:11:54,1,1.0
1970-01-16 19:11:57,1,1.0
1970-01-16 19:12:01,1,1.0
1970-01-16 19:12:05,1,1.0
1970-01-16 19:12:08,1,1.0
1970-01-16 19:12:12,1,1.0
1970-01-16 19:12:15,1,1.0
1970-01-16 19:12:19,1,1.0
1970-01-16 19:12:23,1,1.0
1970-01-16 19:12:26,1,1.0
1970-01-16 19:12:30,1,1.0
1970-01-16 19:12:33,1,1.0
1970-01-16 19:12:37,1,1.0
1970-01-16 19:12:41,1,1.0
1970-01-16 19:12:44,1,1.0
1970-01-16 19:12:48,1,1.0
1970-01-16 19:12:51,1,1.0
1970-01-16 19:12:55,1,1.0
1970-01-16 19:12:59,1,1.0
1970-01-16 19:13:02,1,1.0
1970-01-16 19:13:06,1,1.0
1970-01-16 19:13:09,1,1.0
1970-01-16 19:13:13,1,1.0
1970-01-16 19:13:17,1,1.0
1970-01-16 19:13:20,1,1.0
1970-01-16 19:13:24,1,1.0
1970-01-16 19:13:27,1,1.0
1970-01-16 19:13:31,1,1.0
1970-01-16 19:13:35,1,1.0
1970-01-16 19:13:38,1,1.0
1970-01-16 19:13:42,1,1.0
1970-01-16 19:13:45,1,1.0
1970-01-16 19:13:49,1,1.0
1970-01-16 19:13:53,1,1.0
1970-01-16 19:13:56,1,1.0
1970-01-16 19:14:00,1,1.0
1970-01-16 19:14:03,1,1.0
1970-01-16 19:14:07,1,1.0
1970-01-16 19:14:11,1,1.0
1970-01-16 19:14:14,1,1.0
1970-01-16 19:14:18,1,1.0
1970-01-16 19:14:21,1,1.0
1970-01-16 19:14:25,1,1.0
1970-01-16 19:14:29,1,1.0
1970-01-16 19:14:32,1,1.0
1970-01-16 19:14:36,1,1.0
1970-01-16 19:14:39,1,1.0
1970-01-16 19:14:43,1,1.0
1970-01-16 19:14:47,1,1.0
1970-01-16 19:14:50,1,1.0
1970-01-16 19:14:54,1,1.0
1970-01-16 19:14:57,1,1.0
1970-01-16 19:15:01,1,1.0
1970-01-16 19:15:05,1,1.0
1970-01-16 19:15:08,1,1.0
1970-01-16 19:15:12,1,1.0
1970-01-16 19:15:15,1,1.0
1970-01-16 19:15:19,1,1.0
1970-01-16 19:15:23,1,1.0
1970-01-16 19:15:26,1,1.0
1970-01-16 19:15:30,1,1.0
1970-01-16 19:15:33,1,1.0
1970-01-16 19:15:37,1,1.0
1970-01-16 19:15:41,1,1.0
1970-01-16 19:15:44,1,1.0
1970-01-16 19:15:48,1,1.0
1970-01-16 19:15:51,1,1.0
1970-01-16 19:15:55,1,1.0
1970-01-16 19:15:59,1,1.0
1970-01-16 19:16:02,1,1.0
1970-01-16 19:16:06,1,1.0
1970-01-16 19:16:09,1,1.0
1970-01-16 19:16:13,1,1.0
1970-01-16 19:16:17,1,1.0
1970-01-16 19:16:20,1,1.0
1970-01-16 19:16:24,1,1.0
1970-01-16 19:16:27,1,1.0
1970-01-16 19:16:31,1,1.0
1970-01-16 19:16:35,1,1.0
1970-01-16 19:16:38,1,1.0
1970-01-16 19:16:42,1,1.0
1970-01-16 19:16:45,1,1.0
1970-01-16 19:16:49,1,1.0
1970-01-16 19:16:53,1,1.0
1970-01-16 19:16:56,1,1.0
1970-01-16 19:17:00,1,1.0
1970-01-16 19:17:03,1,1.0
1970-01-16 19:17:07,1,1.0
1970-01-16 19:17:11,1,1.0
1970-01-16 19:17:14,1,1.0
1970-01-16 19:17:18,1,1.0
1970-01-16 19:17:21,1,1.0
1970-01-16 19:17:25,1,1.0
1970-01-16 19:17:29,1,1.0
1970-01-16 19:17:32,1,1.0
1970-01-16 19:17:36,1,1.0
1970-01-16 19:17:39,1,1.0
1970-01-16 19:17:43,1,1.0
1970-01-16 19:17:47,1,1.0
1970-01-16 19:17:50,1,1.0
1970-01-16 19:17:54,1,1.0
1970-01-16 19:17:57,1,1.0
1970-01-16 19:18:01,1,1.0
1970-01-16 19:18:05,1,1.0
1970-01-16 19:18:08,1,1.0
1970-01-16 19:18:12,1,1.0
1970-01-16 19:18:15,1,1.0
1970-01-16 19:18:19,1,1.0
1970-01-16 19:18:23,1,1.0
1970-01-16 19:18:26,1,1.0
1970-01-16 19:18:30,1,1.0
1970-01-16 19:18:33,1,1.0
1970-01-16 19:18:37,1,1.0
1970-01-16 19:18:41,1,1.0
1970-01-16 19:18:44,1,1.0
1970-01-16 19:18:48,1,1.0
1970-01-16 19:18:51,1,1.0
1970-01-16 19:18:55,1,1.0
1970-01-16 19:18:59,1,1.0
1970-01-16 19:19:02,1,1.0
1970-01-16 19:19:06,1,1.0
1970-01-16 19:19:09,1,1.0
1970-01-16 19:19:13,1,1.0
1970-01-16 19:19:17,1,1.0
1970-01-16 19:19:20,1,1.0
1970-01-16 19:19:24,1,1.0
1970-01-16 19:19:27,1,1.0
1970-01-16 19:19:31,1,1.0
1970-01-16 19:19:35,1,1.0
1970-01-16 19:19:38,1,1.0
1970-01-16 19:19:42,1,1.0
1970-01-16 19:19:45,1,1.0
1970-01-16 19:19:49,1,1.0
1970-01-16 19:19:53,1,1.0
1970-01-16 19:19:56,1,1.0
1970-01-16 19:20:00,1,1.0
1970-01-16 19:20:03,1,1.0
1970-01-16 19:20:07,1,1.0
1970-01-16 19:20:11,1,1.0
1970-01-16 19:20:14,1,1.0
1970-01-16 19:20:18,1,1.0
1970-01-16 19:20:21,1,1.0
1970-01-16 19:20:25,1,1.0
1970-01-16 19:20:29,1,1.0
1970-01-16 19:20:32,1,1.0
1970-01-16 19:20:36,1,1.0
1970-01-16 19:20:39,1,1.0
1970-01-16 19:20:43,1,1.0
1970-01-16 19:20:47,1,1.0
1970-01-16 19:20:50,1,1.0
1970-01-16 19:20:54,1,1.0
1970-01-16 19:20:57,1,1.0
1970-01-16 19:21:01,1,1.0
1970-01-16 19:21:05,1,1.0
1970-01-16 19:21:08,1,1.0
1970-01-16 19:21:12,1,1.0
1970-01-16 19:21:15,1,1.0
1970-01-16 19:21:19,1,1.0
1970-01-16 19:21:23,1,1.0
1970-01-16 19:21:26,1,1.0
1970-01-16 19:21:30,1,1.0
1970-01-16 19:21:33,1,1.0
1970-01-16 19:21:37,1,1.0
1970-01-16 19:21:41,1,1.0
1970-01-16 19:21:44,1,1.0
1970-01-16 19:21:48,1,1.0
1970-01-16 19:21:51,1,1.0
1970-01-16 19:21:55,1,1.0
1970-01-16 19:21:59,1,1.0
1970-01-16 19:22:02,1,1.0
1970-01-16 19:22:06,1,1.0
1970-01-16 19:22:09,1,1.0
1970-01-16 19:22:13,1,1.0
1970-01-16 19:22:17,1,1.0
1970-01-16 19:22:20,1,1.0
1970-01-16 19:22:24,1,1.0
1970-01-16 19:22:27,1,1.0
1970-01-16 19:22:31,1,1.0
1970-01-16 19:22:35,1,1.0
1970-01-16 19:22:38,1,1.0
1970-01-16 19:22:42,1,1.0
1970-01-16 19:22:45,1,1.0
1970-01-16 19:22:49,1,1.0
1970-01-16 19:22:53,1,1.0
1970-01-16 19:22:56,1,1.0
1970-01-16 19:23:00,1,1.0
1970-01-16 19:23:03,1,1.0
1970-01-16 19:23:07,1,1.0
1970-01-16 19:23:11,1,1.0
1970-01-16 19:23:14,1,1.0
1970-01-16 19:23:18,1,1.0
1970-01-16 19:23:21,1,1.0
1970-01-16 19:23:25,1,1.0
1970-01-16 19:23:29,1,1.0
1970-01-16 19:23:32,1,1.0
1970-01-16 19:23:36,1,1.0
1970-01-16 19:23:39,1,1.0
1970-01-16 19:23:43,1,1.0
1970-01-16 19:23:47,1,1.0
1970-01-16 19:23:50,1,1.0
1970-01-16 19:23:54,1,1.0
1970-01-16 19:23:57,1,1.0
1970-01-16 19:24:01,1,1.0
1970-01-16 19:24:05,1,1.0
1970-01-16 19:24:08,1,1.0
1970-01-16 19:24:12,1,1.0
1970-01-16 19:24:15,1,1.0
1970-01-16 19:24:19,1,1.0
1970-01-16 19:24:23,1,1.0
1970-01-16 19:24:26,1,1.0
1970-01-16 19:24:30,1,1.0
1970-01-16 19:24:33,1,1.0
1970-01-16 19:24:37,1,1.0
1970-01-16 19:24:41,1,1.0
1970-01-16 19:24:44,1,1.0
1970-01-16 19:24:48,1,1.0
1970-01-16 19:24:51,1,1.0
1970-01-16 19:24:55,1,1.0
1970-01-16 19:24:59,1,1.0
1970-01-16 19:25:02,1,1.0
1970-01-16 19:25:06,1,1.0
1970-01-16 19:25:09,1,1.0
1970-01-16 19:25:13,1,1.0
1970-01-16 19:25:17,1,1.0
1970-01-16 19:25:20,1,1.0
1970-01-16 19:25:24,1,1.0
1970-01-16 19:25:27,1,1.0
1970-01-16 19:25:31,1,1.0
1970-01-16 19:25:35,1,1.0
1970-01-16 19:25:38,1,1.0
1970-01-16 19:25:42,1,1.0
1970-01-16 19:25:45,1,1.0
1970-01-16 19:25:49,1,1.0
1970-01-16 19:25:53,1,1.0
1970-01-16 19:25:56,1,1.0
1970-01-16 19:26:00,1,1.0
1970-01-16 19:26:03,1,1.0
1970-01-16 19:26:07,1,1.0
1970-01-16 19:26:11,1,1.0
1970-01-16 19:26:14,1,1.0
1970-01-16 19:26:18,1,1.0
1970-01-16 19:26:21,1,1.0
1970-01-16 19:26:25,1,1.0
1970-01-16 19:26:29,1,1.0
1970-01-16 19:26:32,1,1.0
1970-01-16 19:26:36,1,1.0
1970-01-16 19:26:39,1,1.0
1970-01-16 19:26:43,1,1.0
1970-01-16 19:26:47,1,1.0
1970-01-16 19:26:50,1,1.0
1970-01-16 19:26:54,1,1.0
1970-01-16 19:26:57,1,1.0
1970-01-16 19:27:01,1,1.0
1970-01-16 19:27:05,1,1.0
1970-01-16 19:27:08,1,1.0
1970-01-16 19:27:12,1,1.0
1970-01-16 19:27:15,1,1.0
1970-01-16 19:27:19,1,1.0
1970-01-16 19:27:23,1,1.0
1970-01-16 19:27:26,1,1.0
1970-01-16 19:27:30,1,1.0
1970-01-16 19:27:33,1,1.0
1970-01-16 19:27:37,1,1.0
1970-01-16 19:27:41,1,1.0
1970-01-16 19:27:44,1,1.0
1970-01-16 19:27:48,1,1.0
1970-01-16 19:27:51,1,1.0
1970-01-16 19:27:55,1,1.0
1970-01-16 19:27:59,1,1.0
1970-01-16 19:28:02,1,1.0
1970-01-16 19:28:06,1,1.0
1970-01-16 19:28:09,1,1.0
1970-01-16 19:28:13,1,1.0
1970-01-16 19:28:17,1,1.0
1970-01-16 19:28:20,1,1.0
1970-01-16 19:28:24,1,1.0
1970-01-16 19:28:27,1,1.0
1970-01-16 19:28:31,1,1.0
1970-01-16 19:28:35,1,1.0
1970-01-16 19:28:38,1,1.0
1970-01-16 19:28:42,1,1.0
1970-01-16 19:28:45,1,1.0
1970-01-16 19:28:49,1,1.0
1970-01-16 19:28:53,1,1.0
1970-01-16 19:28:56,1,1.0
1970-01-16 19:29:00,1,1.0
1970-01-16 19:29:03,1,1.0
1970-01-16 19:29:07,1,1.0
1970-01-16 19:29:11,1,1.0
1970-01-16 19:29:14,1,1.0
1970-01-16 19:29:18,1,1.0
1970-01-16 19:29:21,1,1.0
1970-01-16 19:29:25,1,1.0
1970-01-16 19:29:29,1,1.0
1970-01-16 19:29:32,1,1.0
1970-01-16 19:29:36,1,1.0
1970-01-16 19:29:39,1,1.0
1970-01-16 19:29:43,1,1.0
1970-01-16 19:29:47,1,1.0
1970-01-16 19:29:50,1,1.0
1970-01-16 19:29:54,1,1.0
1970-01-16 19:29:57,1,1.0
1970-01-16 19:30:01,1,1.0
1970-01-16 19:30:05,1,1.0
1970-01-16 19:30:08,1,1.0
1970-01-16 19:30:12,1,1.0
1970-01-16 19:30:15,1,1.0
1970-01-16 19:30:19,1,1.0
1970-01-16 19:30:23,1,1.0
1970-01-16 19:30:26,1,1.0
1970-01-16 19:30:30,1,1.0
1970-01-16 19:30:33,1,1.0
1970-01-16 19:30:37,1,1.0
1970-01-16 19:30:41,1,1.0
1970-01-16 19:30:44,1,1.0
1970-01-16 19:30:48,1,1.0
1970-01-16 19:30:51,1,1.0
1970-01-16 19:30:55,1,1.0
1970-01-16 19:30:59,1,1.0
1970-01-16 19:31:02,1,1.0
1970-01-16 19:31:06,1,1.0
1970-01-16 19:31:09,1,1.0
1970-01-16 19:31:13,1,1.0
1970-01-16 19:31:17,1,1.0
1970-01-16 19:31:20,1,1.0
1970-01-16 19:31:24,1,1.0
1970-01-16 19:31:27,1,1.0
1970-01-16 19:31:31,1,1.0
1970-01-16 19:31:35,1,1.0
1970-01-16 19:31:38,1,1.0
1970-01-16 19:31:42,1,1.0
1970-01-16 19:31:45,1,1.0
1970-01-16 19:31:49,1,1.0
1970-01-16 19:31:53,1,1.0
1970-01-16 19:31:56,1,1.0
1970-01-16 19:32:00,1,1.0
1970-01-16 19:32:03,1,1.0
1970-01-16 19:32:07,1,1.0
1970-01-16 19:32:11,1,1.0
1970-01-16 19:32:14,1,1.0
1970-01-16 19:32:18,1,1.0
1970-01-16 19:32:21,1,1.0
1970-01-16 19:32:25,1,1.0
1970-01-16 19:32:29,1,1.0
1970-01-16 19:32:32,1,1.0
1970-01-16 19:32:36,1,1.0
1970-01-16 19:32:39,1,1.0
1970-01-16 19:32:43,1,1.0
1970-01-16 19:32:47,1,1.0
1970-01-16 19:32:50,1,1.0
1970-01-16 19:32:54,1,1.0
1970-01-16 19:32:57,1,1.0
1970-01-16 19:33:01,1,1.0
1970-01-16 19:33:05,1,1.0
1970-01-16 19:33:08,1,1.0
1970-01-16 19:33:12,1,1.0
1970-01-16 19:33:15,1,1.0
1970-01-16 19:33:19,1,1.0
1970-01-16 19:33:23,1,1.0
1970-01-16 19:33:26,1,1.0
1970-01-16 19:33:30,1,1.0
1970-01-16 19:33:33,1,1.0
1970-01-16 19:33:37,1,1.0
1970-01-16 19:33:41,1,1.0
1970-01-16 19:33:44,1,1.0
1970-01-16 19:33:48,1,1.0
1970-01-16 19:33:51,1,1.0
1970-01-16 19:33:55,1,1.0
1970-01-16 19:33:59,1,1.0
1970-01-16 19:34:02,1,1.0
1970-01-16 19:34:06,1,1.0
1970-01-16 19:34:09,1,1.0
1970-01-16 19:34:13,1,1.0
1970-01-16 19:34:17,1,1.0
1970-01-16 19:34:20,1,1.0
1970-01-16 19:34:24,1,1.0
1970-01-16 19:34:27,1,1.0
1970-01-16 19:34:31,1,1.0
1970-01-16 19:34:35,1,1.0
1970-01-16 19:34:38,1,1.0
1970-01-16 19:34:54,1,1.0
1970-01-16 19:34:57,1,1.0
1970-01-16 19:35:01,1,1.0
1970-01-16 19:35:04,1,1.0
1970-01-16 19:35:08,1,1.0
1970-01-16 19:35:12,1,1.0
1970-01-16 19:35:15,1,1.0
1970-01-16 19:35:19,1,1.0
1970-01-16 19:35:22,1,1.0
1970-01-16 19:35:26,1,1.0
1970-01-16 19:35:30,1,1.0
1970-01-16 19:35:33,1,1.0
1970-01-16 19:35:37,1,1.0
1970-01-16 19:35:40,1,1.0
1970-01-16 19:35:44,1,1.0
1970-01-16 19:35:48,1,1.0
1970-01-16 19:35:51,1,1.0
1970-01-16 19:35:55,1,1.0
1970-01-16 19:35:58,1,1.0
1970-01-16 19:36:02,1,1.0
1970-01-16 19:36:06,1,1.0
1970-01-16 19:36:09,1,1.0
1970-01-16 19:36:13,1,1.0
1970-01-16 19:36:16,1,1.0
1970-01-16 19:36:20,1,1.0
1970-01-16 19:36:24,1,1.0
1970-01-16 19:36:27,1,1.0
1970-01-16 19:36:31,1,1.0
1970-01-16 19:36:34,1,1.0
1970-01-16 19:36:38,1,1.0
1970-01-16 19:36:42,1,1.0
1970-01-16 19:36:45,1,1.0
1970-01-16 19:36:49,1,1.0
1970-01-16 19:36:52,1,1.0
1970-01-16 19:36:56,1,1.0
1970-01-16 19:37:00,1,1.0
1970-01-16 19:37:03,1,1.0
1970-01-16 19:37:07,1,1.0
1970-01-16 19:37:10,1,1.0
1970-01-16 19:37:14,1,1.0
1970-01-16 19:37:18,1,1.0
1970-01-16 19:37:21,1,1.0
1970-01-16 19:37:25,1,1.0
1970-01-16 19:37:28,1,1.0
1970-01-16 19:37:32,1,1.0
1970-01-16 19:37:36,1,1.0
1970-01-16 19:37:39,1,1.0
1970-01-16 19:37:43,1,1.0
1970-01-16 19:37:46,1,1.0
1970-01-16 19:37:50,1,1.0
1970-01-16 19:37:54,1,1.0
1970-01-16 19:37:57,1,1.0
1970-01-16 19:38:01,1,1.0
1970-01-16 19:38:04,1,1.0
1970-01-16 19:38:08,1,1.0
1970-01-16 19:38:12,1,1.0
1970-01-16 19:38:15,1,1.0
1970-01-16 19:38:19,1,1.0
1970-01-16 19:38:22,1,1.0
1970-01-16 19:38:26,1,1.0
1970-01-16 19:38:30,1,1.0
1970-01-16 19:38:33,1,1.0
1970-01-16 19:38:37,1,1.0
1970-01-16 19:38:40,1,1.0
1970-01-16 19:38:44,1,1.0
1970-01-16 19:38:48,1,1.0
1970-01-16 19:38:51,1,1.0
1970-01-16 19:38:55,1,1.0
1970-01-16 19:38:58,1,1.0
1970-01-16 19:39:02,1,1.0
1970-01-16 19:39:06,1,1.0
1970-01-16 19:39:09,1,1.0
1970-01-16 19:39:13,1,1.0
1970-01-16 19:39:16,1,1.0
1970-01-16 19:39:20,1,1.0
1970-01-16 19:39:24,1,1.0
1970-01-16 19:39:27,1,1.0
1970-01-16 19:39:44,1,1.0
1970-01-16 19:39:47,1,1.0
1970-01-16 19:39:51,1,1.0
1970-01-16 19:39:55,1,1.0
1970-01-16 19:39:58,1,1.0
1970-01-16 19:40:02,1,1.0
1970-01-16 19:40:05,1,1.0
1970-01-16 19:40:09,1,1.0
1970-01-16 19:40:13,1,1.0
1970-01-16 19:40:16,1,1.0
1970-01-16 19:40:20,1,1.0
1970-01-16 19:40:23,1,1.0
1970-01-16 19:40:27,1,1.0
1970-01-16 19:40:31,1,1.0
1970-01-16 19:40:34,1,1.0
1970-01-16 19:40:38,1,1.0
1970-01-16 19:40:41,1,1.0
1970-01-16 19:40:45,1,1.0
1970-01-16 19:40:49,1,1.0
1970-01-16 19:40:52,1,1.0
1970-01-16 19:40:56,1,1.0
1970-01-16 19:40:59,1,1.0
1970-01-16 19:41:03,1,1.0
1970-01-16 19:41:07,1,1.0
1970-01-16 19:41:10,1,1.0
1970-01-16 19:41:14,1,1.0
1970-01-16 19:41:17,1,1.0
1970-01-16 19:41:21,1,1.0
1970-01-16 19:41:25,1,1.0
1970-01-16 19:41:28,1,1.0
1970-01-16 19:41:32,1,1.0
1970-01-16 19:41:35,1,1.0
1970-01-16 19:41:39,1,1.0
1970-01-16 19:41:43,1,1.0
1970-01-16 19:41:46,1,1.0
1970-01-16 19:41:50,1,1.0
1970-01-16 19:41:53,1,1.0
1970-01-16 19:41:57,1,1.0
1970-01-16 19:42:01,1,1.0
1970-01-16 19:42:04,1,1.0
1970-01-16 19:42:08,1,1.0
1970-01-16 19:42:11,1,1.0
1970-01-16 19:42:15,1,1.0
1970-01-16 19:42:19,1,1.0
1970-01-16 19:42:22,1,1.0
1970-01-16 19:42:26,1,1.0
1970-01-16 19:42:29,1,1.0
1970-01-16 19:42:33,1,1.0
1970-01-16 19:42:37,1,1.0
1970-01-16 19:42:40,1,1.0
1970-01-16 19:42:44,1,1.0
1970-01-16 19:42:47,1,1.0
1970-01-16 19:42:51,1,1.0
1970-01-16 19:42:55,1,1.0
1970-01-16 19:42:58,1,1.0
1970-01-16 19:43:02,1,1.0
1970-01-16 19:43:05,1,1.0
1970-01-16 19:43:09,1,1.0
1970-01-16 19:43:13,1,1.0
1970-01-16 19:43:16,1,1.0
1970-01-16 19:43:20,1,1.0
1970-01-16 19:43:23,1,1.0
1970-01-16 19:43:27,1,1.0
1970-01-16 19:43:31,1,1.0
1970-01-16 19:43:34,1,1.0
1970-01-16 19:43:38,1,1.0
1970-01-16 19:43:41,1,1.0
1970-01-16 19:43:45,1,1.0
1970-01-16 19:43:49,1,1.0
1970-01-16 19:43:52,1,1.0
1970-01-16 19:43:56,1,1.0
1970-01-16 19:43:59,1,1.0
1970-01-16 19:44:03,1,1.0
1970-01-16 19:44:07,1,1.0
1970-01-16 19:44:10,1,1.0
1970-01-16 19:44:14,1,1.0
1970-01-16 19:44:17,1,1.0
1970-01-16 19:44:21,1,1.0
1970-01-16 19:44:25,1,1.0
1970-01-16 19:44:28,1,1.0
1970-01-16 19:44:32,1,1.0
1970-01-16 19:44:35,1,1.0
1970-01-16 19:44:39,1,1.0
1970-01-16 19:44:43,1,1.0
1970-01-16 19:44:46,1,1.0
1970-01-16 19:44:50,1,1.0
1970-01-16 19:44:53,1,1.0
1970-01-16 19:44:57,1,1.0
1970-01-16 19:45:01,1,1.0
1970-01-16 19:45:04,1,1.0
1970-01-16 19:45:08,1,1.0
1970-01-16 19:45:11,1,1.0
1970-01-16 19:45:15,1,1.0
1970-01-16 19:45:19,1,1.0
1970-01-16 19:45:22,1,1.0
1970-01-16 19:45:26,1,1.0
1970-01-16 19:45:29,1,1.0
1970-01-16 19:45:33,1,1.0
1970-01-16 19:45:37,1,1.0
1970-01-16 19:45:40,1,1.0
1970-01-16 19:45:44,1,1.0
1970-01-16 19:45:47,1,1.0
1970-01-16 19:45:51,1,1.0
1970-01-16 19:45:55,1,1.0
1970-01-16 19:45:58,1,1.0
1970-01-16 19:46:02,1,1.0
1970-01-16 19:46:05,1,1.0
1970-01-16 19:46:09,1,1.0
1970-01-16 19:46:13,1,1.0
1970-01-16 19:46:16,1,1.0
1970-01-16 19:46:20,1,1.0
1970-01-16 19:46:23,1,1.0
1970-01-16 19:46:27,1,1.0
1970-01-16 19:46:31,1,1.0
1970-01-16 19:46:34,1,1.0
1970-01-16 19:46:38,1,1.0
1970-01-16 19:46:41,1,1.0
1970-01-16 19:46:45,1,1.0
1970-01-16 19:46:49,1,1.0
1970-01-16 19:46:52,1,1.0
1970-01-16 19:46:56,1,1.0
1970-01-16 19:46:59,1,1.0
1970-01-16 19:47:03,1,1.0
1970-01-16 19:47:07,1,1.0
1970-01-16 19:47:10,1,1.0
1970-01-16 19:47:14,1,1.0
1970-01-16 19:47:17,1,1.0
1970-01-16 19:47:21,1,1.0
1970-01-16 19:47:25,1,1.0
1970-01-16 19:47:28,1,1.0
1970-01-16 19:47:32,1,1.0
1970-01-16 19:47:35,1,1.0
1970-01-16 19:47:39,1,1.0
1970-01-16 19:47:43,1,1.0
1970-01-16 19:47:46,1,1.0
1970-01-16 19:47:50,1,1.0
1970-01-16 19:47:53,1,1.0
1970-01-16 19:47:57,1,1.0
1970-01-16 19:48:01,1,1.0
1970-01-16 19:48:04,1,1.0
1970-01-16 19:48:08,1,1.0
1970-01-16 19:48:11,1,1.0
1970-01-16 19:48:15,1,1.0
1970-01-16 19:48:19,1,1.0
1970-01-16 19:48:22,1,1.0
1970-01-16 19:48:26,1,1.0
1970-01-16 19:48:29,1,1.0
1970-01-16 19:48:33,1,1.0
1970-01-16 19:48:37,1,1.0
1970-01-16 19:48:40,1,1.0
1970-01-16 19:48:44,1,1.0
1970-01-16 19:48:47,1,1.0
1970-01-16 19:48:51,1,1.0
1970-01-16 19:48:55,1,1.0
1970-01-16 19:48:58,1,1.0
1970-01-16 19:49:02,1,1.0
1970-01-16 19:49:05,1,1.0
1970-01-16 19:49:09,1,1.0
1970-01-16 19:49:13,1,1.0
1970-01-16 19:49:16,1,1.0
1970-01-16 19:49:20,1,1.0
1970-01-16 19:49:23,1,1.0
1970-01-16 19:49:27,1,1.0
1970-01-16 19:49:31,1,1.0
1970-01-16 19:49:34,1,1.0
1970-01-16 19:49:38,1,1.0
1970-01-16 19:49:41,1,1.0
1970-01-16 19:49:45,1,1.0
1970-01-16 19:49:49,1,1.0
1970-01-16 19:49:52,1,1.0
1970-01-16 19:49:56,1,1.0
1970-01-16 19:49:59,1,1.0
1970-01-16 19:50:03,1,1.0
1970-01-16 19:50:07,1,1.0
1970-01-16 19:50:10,1,1.0
1970-01-16 19:50:14,1,1.0
1970-01-16 19:50:17,1,1.0
1970-01-16 19:50:21,1,1.0
1970-01-16 19:50:25,1,1.0
1970-01-16 19:50:28,1,1.0
1970-01-16 19:50:32,1,1.0
1970-01-16 19:50:35,1,1.0
1970-01-16 19:50:39,1,1.0
1970-01-16 19:50:43,1,1.0
1970-01-16 19:50:46,1,1.0
1970-01-16 19:50:50,1,1.0
1970-01-16 19:50:53,1,1.0
1970-01-16 19:50:57,1,1.0
1970-01-16 19:51:01,1,1.0
1970-01-16 19:51:04,1,1.0
1970-01-16 19:51:08,1,1.0
1970-01-16 19:51:11,1,1.0
1970-01-16 19:51:15,1,1.0
1970-01-16 19:51:19,1,1.0
1970-01-16 19:51:22,1,1.0
1970-01-16 19:51:26,1,1.0
1970-01-16 19:51:29,1,1.0
1970-01-16 19:51:33,1,1.0
1970-01-16 19:51:37,1,1.0
1970-01-16 19:51:40,1,1.0
1970-01-16 19:51:44,1,1.0
1970-01-16 19:51:47,1,1.0
1970-01-16 19:51:51,1,1.0
1970-01-16 19:51:55,1,1.0
1970-01-16 19:51:58,1,1.0
1970-01-16 19:52:02,1,1.0
1970-01-16 19:52:05,1,1.0
1970-01-16 19:52:09,1,1.0
1970-01-16 19:52:13,1,1.0
1970-01-16 19:52:16,1,1.0
1970-01-16 19:52:20,1,1.0
1970-01-16 19:52:23,1,1.0
1970-01-16 19:52:27,1,1.0
1970-01-16 19:52:31,1,1.0
1970-01-16 19:52:34,1,1.0
1970-01-16 19:52:38,1,1.0
1970-01-16 19:52:41,1,1.0
1970-01-16 19:52:45,1,1.0
1970-01-16 19:52:49,1,1.0
1970-01-16 19:52:52,1,1.0
1970-01-16 19:52:56,1,1.0
1970-01-16 19:52:59,1,1.0
1970-01-16 19:53:03,1,1.0
1970-01-16 19:53:07,1,1.0
1970-01-16 19:53:10,1,1.0
1970-01-16 19:53:14,1,1.0
1970-01-16 19:53:17,1,1.0
1970-01-16 19:53:21,1,1.0
1970-01-16 19:53:25,1,1.0
1970-01-16 19:53:28,1,1.0
1970-01-16 19:53:32,1,1.0
1970-01-16 19:53:35,1,1.0
1970-01-16 19:53:39,1,1.0
1970-01-16 19:53:43,1,1.0
1970-01-16 19:53:46,1,1.0
1970-01-16 19:53:50,1,1.0
1970-01-16 19:53:53,1,1.0
1970-01-16 19:53:57,1,1.0
1970-01-16 19:54:01,1,1.0
1970-01-16 19:54:04,1,1.0
1970-01-16 19:54:08,1,1.0
1970-01-16 19:54:11,1,1.0
1970-01-16 19:54:15,1,1.0
1970-01-16 19:54:19,1,1.0
1970-01-16 19:54:22,1,1.0
1970-01-16 19:54:26,1,1.0
1970-01-16 19:54:29,1,1.0
1970-01-16 19:54:33,1,1.0
1970-01-16 19:54:37,1,1.0
1970-01-16 19:59:22,1,1.0
1970-01-16 19:59:26,1,1.0
1970-01-16 19:59:29,1,1.0
1970-01-16 19:59:33,1,1.0
1970-01-16 19:59:36,1,1.0
1970-01-16 19:59:40,1,1.0
1970-01-16 19:59:44,1,1.0
1970-01-16 19:59:47,1,1.0
1970-01-16 19:59:51,1,1.0
1970-01-16 19:59:54,1,1.0
1970-01-16 19:59:58,1,1.0
1970-01-16 20:00:02,1,1.0
1970-01-16 20:00:05,1,1.0
1970-01-16 20:00:09,1,1.0
1970-01-16 20:00:12,1,1.0
1970-01-16 20:00:16,1,1.0
1970-01-16 20:00:20,1,1.0
1970-01-16 20:00:23,1,1.0
1970-01-16 20:00:27,1,1.0
1970-01-16 20:00:30,1,1.0
1970-01-16 20:00:34,1,1.0
1970-01-16 20:00:38,1,1.0
1970-01-16 20:00:41,1,1.0
1970-01-16 20:00:45,1,1.0
1970-01-16 20:00:48,1,1.0
1970-01-16 20:00:52,1,1.0
1970-01-16 20:00:56,1,1.0
1970-01-16 20:00:59,1,1.0
1970-01-16 20:01:03,1,1.0
1970-01-16 20:01:06,1,1.0
1970-01-16 20:01:10,1,1.0
1970-01-16 20:01:14,1,1.0
1970-01-16 20:01:17,1,1.0
1970-01-16 20:01:21,1,1.0
1970-01-16 20:01:24,1,1.0
1970-01-16 20:01:28,1,1.0
1970-01-16 20:01:32,1,1.0
1970-01-16 20:01:35,1,1.0
1970-01-16 20:01:39,1,1.0
1970-01-16 20:01:42,1,1.0
1970-01-16 20:01:46,1,1.0
1970-01-16 20:01:50,1,1.0
1970-01-16 20:01:53,1,1.0
1970-01-16 20:01:57,1,1.0
1970-01-16 20:02:00,1,1.0
1970-01-16 20:02:04,1,1.0
1970-01-16 20:02:08,1,1.0
1970-01-16 20:02:11,1,1.0
1970-01-16 20:02:15,1,1.0
1970-01-16 20:02:18,1,1.0
1970-01-16 20:02:22,1,1.0
1970-01-16 20:02:26,1,1.0
1970-01-16 20:02:29,1,1.0
1970-01-16 20:02:33,1,1.0
1970-01-16 20:02:36,1,1.0
1970-01-16 20:02:40,1,1.0
1970-01-16 20:02:44,1,1.0
1970-01-16 20:02:47,1,1.0
1970-01-16 20:02:51,1,1.0
1970-01-16 20:02:54,1,1.0
1970-01-16 20:02:58,1,1.0
1970-01-16 20:03:02,1,1.0
1970-01-16 20:03:05,1,1.0
1970-01-16 20:03:09,1,1.0
1970-01-16 20:03:12,1,1.0
1970-01-16 20:03:16,1,1.0
1970-01-16 20:03:20,1,1.0
1970-01-16 20:03:23,1,1.0
1970-01-16 20:03:27,1,1.0
1970-01-16 20:03:30,1,1.0
1970-01-16 20:03:34,1,1.0
1970-01-16 20:03:38,1,1.0
1970-01-16 20:03:41,1,1.0
1970-01-16 20:03:45,1,1.0
1970-01-16 20:03:48,1,1.0
1970-01-16 20:03:52,1,1.0
1970-01-16 20:03:56,1,1.0
1970-01-16 20:03:59,1,1.0
1970-01-16 20:04:03,1,1.0
1970-01-16 20:04:06,1,1.0
1970-01-16 20:04:10,1,1.0
1970-01-16 20:04:14,1,1.0
1970-01-16 20:04:17,1,1.0
1970-01-16 20:04:21,1,1.0
1970-01-16 20:04:24,1,1.0
1970-01-16 20:04:28,1,1.0
1970-01-16 20:04:32,1,1.0
1970-01-16 20:04:35,1,1.0
1970-01-16 20:04:39,1,1.0
1970-01-16 20:04:42,1,1.0
1970-01-16 20:04:46,1,1.0
1970-01-16 20:04:50,1,1.0
1970-01-16 20:04:53,1,1.0
1970-01-16 20:04:57,1,1.0
1970-01-16 20:05:00,1,1.0
1970-01-16 20:05:04,1,1.0
1970-01-16 20:05:08,1,1.0
1970-01-16 20:05:11,1,1.0
1970-01-16 20:05:15,1,1.0
1970-01-16 20:05:18,1,1.0
1970-01-16 20:06:06,1,1.0
1970-01-16 20:06:10,1,1.0
1970-01-16 20:06:14,1,1.0
1970-01-16 20:06:17,1,1.0
1970-01-16 20:06:21,1,1.0
1970-01-16 20:06:24,1,1.0
1970-01-16 20:06:28,1,1.0
1970-01-16 20:06:32,1,1.0
1970-01-16 20:06:35,1,1.0
1970-01-16 20:06:39,1,1.0
1970-01-16 20:06:42,1,1.0
1970-01-16 20:06:46,1,1.0
1970-01-16 20:06:50,1,1.0
1970-01-16 20:06:53,1,1.0
1970-01-16 20:06:57,1,1.0
1970-01-16 20:07:00,1,1.0
1970-01-16 20:07:04,1,1.0
1970-01-16 20:07:08,1,1.0
1970-01-16 20:07:11,1,1.0
1970-01-16 20:07:15,1,1.0
1970-01-16 20:07:18,1,1.0
1970-01-16 20:07:22,1,1.0
1970-01-16 20:07:26,1,1.0
1970-01-16 20:07:29,1,1.0
1970-01-16 20:07:33,1,1.0
1970-01-16 20:07:36,1,1.0
1970-01-16 20:07:40,1,1.0
1970-01-16 20:07:44,1,1.0
1970-01-16 20:07:47,1,1.0
1970-01-16 20:07:51,1,1.0
1970-01-16 20:07:54,1,1.0
1970-01-16 20:07:58,1,1.0
1970-01-16 20:08:02,1,1.0
1970-01-16 20:08:05,1,1.0
1970-01-16 20:08:09,1,1.0
1970-01-16 20:08:12,1,1.0
1970-01-16 20:08:16,1,1.0
1970-01-16 20:08:20,1,1.0
1970-01-16 20:08:23,1,1.0
1970-01-16 20:08:27,1,1.0
1970-01-16 20:08:30,1,1.0
1970-01-16 20:08:34,1,1.0
1970-01-16 20:08:38,1,1.0
1970-01-16 20:08:41,1,1.0
1970-01-16 20:08:45,1,1.0
1970-01-16 20:08:48,1,1.0
1970-01-16 20:08:52,1,1.0
1970-01-16 20:08:56,1,1.0
1970-01-16 20:08:59,1,1.0
1970-01-16 20:09:03,1,1.0
1970-01-16 20:09:06,1,1.0
1970-01-16 20:09:10,1,1.0
1970-01-16 20:09:14,1,1.0
1970-01-16 20:09:17,1,1.0
1970-01-16 20:09:21,1,1.0
1970-01-16 20:09:24,1,1.0
1970-01-16 20:09:28,1,1.0
1970-01-16 20:09:32,1,1.0
1970-01-16 20:09:35,1,1.0
1970-01-16 20:09:39,1,1.0
1970-01-16 20:09:42,1,1.0
1970-01-16 20:09:46,1,1.0
1970-01-16 20:09:50,1,1.0
1970-01-16 20:09:53,1,1.0
1970-01-16 20:09:57,1,1.0
1970-01-16 20:10:00,1,1.0
1970-01-16 20:10:04,1,1.0
1970-01-16 20:10:08,1,1.0
1970-01-16 20:10:11,1,1.0
1970-01-16 20:10:15,1,1.0
1970-01-16 20:10:18,1,1.0
1970-01-16 20:10:22,1,1.0
1970-01-16 20:10:26,1,1.0
1970-01-16 20:10:29,1,1.0
1970-01-16 20:10:33,1,1.0
1970-01-16 20:10:36,1,1.0
1970-01-16 20:10:40,1,1.0
1970-01-16 20:10:44,1,1.0
1970-01-16 20:10:47,1,1.0
1970-01-16 20:10:51,1,1.0
1970-01-16 20:10:54,1,1.0
1970-01-16 20:10:58,1,1.0
1970-01-16 20:11:02,1,1.0
1970-01-16 20:11:05,1,1.0
1970-01-16 20:11:09,1,1.0
1970-01-16 20:11:12,1,1.0
1970-01-16 20:11:16,1,1.0
1970-01-16 20:11:20,1,1.0
1970-01-16 20:11:23,1,1.0
1970-01-16 20:11:27,1,1.0
1970-01-16 20:11:30,1,1.0
1970-01-16 20:11:34,1,1.0
1970-01-16 20:11:38,1,1.0
1970-01-16 20:11:41,1,1.0
1970-01-16 20:11:45,1,1.0
1970-01-16 20:11:48,1,1.0
1970-01-16 20:11:52,1,1.0
1970-01-16 20:11:56,1,1.0
1970-01-16 20:11:59,1,1.0
1970-01-16 20:12:03,1,1.0
1970-01-16 20:12:06,1,1.0
1970-01-16 20:12:10,1,1.0
1970-01-16 20:12:14,1,1.0
1970-01-16 20:12:17,1,1.0
1970-01-16 20:12:21,1,1.0
1970-01-16 20:12:24,1,1.0
1970-01-16 20:12:28,1,1.0
1970-01-16 20:12:32,1,1.0
1970-01-16 20:12:35,1,1.0
1970-01-16 20:12:39,1,1.0
1970-01-16 20:12:42,1,1.0
1970-01-16 20:12:46,1,1.0
1970-01-16 20:12:50,1,1.0
1970-01-16 20:12:53,1,1.0
1970-01-16 20:12:57,1,1.0
1970-01-16 20:13:00,1,1.0
1970-01-16 20:13:04,1,1.0
1970-01-16 20:13:08,1,1.0
1970-01-16 20:13:11,1,1.0
1970-01-16 20:13:15,1,1.0
1970-01-16 20:13:18,1,1.0
1970-01-16 20:13:22,1,1.0
1970-01-16 20:13:26,1,1.0
1970-01-16 20:13:29,1,1.0
1970-01-16 20:13:33,1,1.0
1970-01-16 20:13:36,1,1.0
1970-01-16 20:13:40,1,1.0
1970-01-16 20:13:44,1,1.0
1970-01-16 20:13:47,1,1.0
1970-01-16 20:13:51,1,1.0
1970-01-16 20:13:54,1,1.0
1970-01-16 20:13:58,1,1.0
1970-01-16 20:14:02,1,1.0
1970-01-16 20:14:05,1,1.0
1970-01-16 20:14:09,1,1.0
1970-01-16 20:14:12,1,1.0
1970-01-16 20:14:16,1,1.0
1970-01-16 20:14:20,1,1.0
1970-01-16 20:14:23,1,1.0
1970-01-16 20:14:27,1,1.0
1970-01-16 20:14:30,1,1.0
1970-01-16 20:14:34,1,1.0
1970-01-16 20:14:38,1,1.0
1970-01-16 20:14:41,1,1.0
1970-01-16 20:14:45,1,1.0
1970-01-16 20:14:48,1,1.0
1970-01-16 20:14:52,1,1.0
1970-01-16 20:14:56,1,1.0
1970-01-16 20:14:59,1,1.0
1970-01-16 20:15:03,1,1.0
1970-01-16 20:15:06,1,1.0
1970-01-16 20:15:10,1,1.0
1970-01-16 20:15:14,1,1.0
1970-01-16 20:15:17,1,1.0
1970-01-16 20:15:21,1,1.0
1970-01-16 20:15:24,1,1.0
1970-01-16 20:15:28,1,1.0
1970-01-16 20:15:32,1,1.0
1970-01-16 20:15:35,1,1.0
1970-01-16 20:15:39,1,1.0
1970-01-16 20:15:42,1,1.0
1970-01-16 20:15:46,1,1.0
1970-01-16 20:15:50,1,1.0
1970-01-16 20:15:53,1,1.0
1970-01-16 20:15:57,1,1.0
1970-01-16 20:16:00,1,1.0
1970-01-16 20:16:04,1,1.0
1970-01-16 20:16:08,1,1.0
1970-01-16 20:16:11,1,1.0
1970-01-16 20:16:15,1,1.0
1970-01-16 20:16:18,1,1.0
1970-01-16 20:16:22,1,1.0
1970-01-16 20:16:26,1,1.0
1970-01-16 20:16:29,1,1.0
1970-01-16 20:16:33,1,1.0
1970-01-16 20:16:36,1,1.0
1970-01-16 20:16:40,1,1.0
1970-01-16 20:16:44,1,1.0
1970-01-16 20:16:47,1,1.0
1970-01-16 20:16:51,1,1.0
1970-01-16 20:16:54,1,1.0
1970-01-16 20:16:58,1,1.0
1970-01-16 20:17:02,1,1.0
1970-01-16 20:17:05,1,1.0
1970-01-16 20:17:09,1,1.0
1970-01-16 20:17:12,1,1.0
1970-01-16 20:17:16,1,1.0
1970-01-16 20:17:20,1,1.0
1970-01-16 20:17:23,1,1.0
1970-01-16 20:17:27,1,1.0
1970-01-16 20:17:30,1,1.0
1970-01-16 20:17:34,1,1.0
1970-01-16 20:17:38,1,1.0
1970-01-16 20:17:41,1,1.0
1970-01-16 20:17:45,1,1.0
1970-01-16 20:17:48,1,1.0
1970-01-16 20:17:52,1,1.0
1970-01-16 20:17:56,1,1.0
1970-01-16 20:17:59,1,1.0
1970-01-16 20:18:03,1,1.0
1970-01-16 20:18:06,1,1.0
1970-01-16 20:18:10,1,1.0
1970-01-16 20:18:14,1,1.0
1970-01-16 20:18:17,1,1.0
1970-01-16 20:18:21,1,1.0
1970-01-16 20:18:24,1,1.0
1970-01-16 20:18:28,1,1.0
1970-01-16 20:18:32,1,1.0
1970-01-16 20:18:35,1,1.0
1970-01-16 20:18:39,1,1.0
1970-01-16 20:18:42,1,1.0
1970-01-16 20:18:46,1,1.0
1970-01-16 20:18:50,1,1.0
1970-01-16 20:18:53,1,1.0
1970-01-16 20:18:57,1,1.0
1970-01-16 20:19:00,1,1.0
1970-01-16 20:19:04,1,1.0
1970-01-16 20:19:08,1,1.0
1970-01-16 20:19:11,1,1.0
1970-01-16 20:19:15,1,1.0
1970-01-16 20:19:18,1,1.0
1970-01-16 20:19:22,1,1.0
1970-01-16 20:19:26,1,1.0
1970-01-16 20:19:29,1,1.0
1970-01-16 20:19:33,1,1.0
1970-01-16 20:19:36,1,1.0
1970-01-16 20:19:40,1,1.0
1970-01-16 20:19:44,1,1.0
1970-01-16 20:19:47,1,1.0
1970-01-16 20:19:51,1,1.0
1970-01-16 20:19:54,1,1.0
1970-01-16 20:19:58,1,1.0
1970-01-16 20:20:02,1,1.0
1970-01-16 20:20:05,1,1.0
1970-01-16 20:20:09,1,1.0
1970-01-16 20:20:12,1,1.0
1970-01-16 20:20:16,1,1.0
1970-01-16 20:20:20,1,1.0
1970-01-16 20:20:23,1,1.0
1970-01-16 20:20:27,1,1.0
1970-01-16 20:20:30,1,1.0
1970-01-16 20:20:34,1,1.0
1970-01-16 20:20:38,1,1.0
1970-01-16 20:20:41,1,1.0
1970-01-16 20:20:45,1,1.0
1970-01-16 20:20:48,1,1.0
1970-01-16 20:20:52,1,1.0
1970-01-16 20:20:56,1,1.0
1970-01-16 20:20:59,1,1.0
1970-01-16 20:21:03,1,1.0
1970-01-16 20:21:06,1,1.0
1970-01-16 20:21:10,1,1.0
1970-01-16 20:21:14,1,1.0
1970-01-16 20:21:17,1,1.0
1970-01-16 20:21:21,1,1.0
1970-01-16 20:21:24,1,1.0
1970-01-16 20:21:28,1,1.0
1970-01-16 20:21:32,1,1.0
1970-01-16 20:21:35,1,1.0
1970-01-16 20:21:39,1,1.0
1970-01-16 20:21:42,1,1.0
1970-01-16 20:21:46,1,1.0
1970-01-16 20:21:50,1,1.0
1970-01-16 20:21:53,1,1.0
1970-01-16 20:21:57,1,1.0
1970-01-16 20:22:00,1,1.0
1970-01-16 20:22:04,1,1.0
1970-01-16 20:22:08,1,1.0
1970-01-16 20:22:11,1,1.0
1970-01-16 20:22:15,1,1.0
1970-01-16 20:22:18,1,1.0
1970-01-16 20:22:22,1,1.0
1970-01-16 20:22:26,1,1.0
1970-01-16 20:22:29,1,1.0
1970-01-16 20:22:33,1,1.0
1970-01-16 20:22:36,1,1.0
1970-01-16 20:22:40,1,1.0
1970-01-16 20:22:44,1,1.0
1970-01-16 20:22:47,1,1.0
1970-01-16 20:22:51,1,1.0
1970-01-16 20:22:54,1,1.0
1970-01-16 20:22:58,1,1.0
1970-01-16 20:23:02,1,1.0
1970-01-16 20:23:05,1,1.0
1970-01-16 20:23:09,1,1.0
1970-01-16 20:23:12,1,1.0
1970-01-16 20:23:16,1,1.0
1970-01-16 20:23:20,1,1.0
1970-01-16 20:23:23,1,1.0
1970-01-16 20:23:27,1,1.0
1970-01-16 20:24:00,1,1.0
1970-01-16 20:24:15,1,1.0
1970-01-16 20:24:19,1,1.0
1970-01-16 20:24:22,1,1.0
1970-01-16 20:24:26,1,1.0
1970-01-16 20:24:30,1,1.0
1970-01-16 20:24:33,1,1.0
1970-01-16 20:24:37,1,1.0
1970-01-16 20:24:40,1,1.0
1970-01-16 20:24:44,1,1.0
1970-01-16 20:24:48,1,1.0
1970-01-16 20:24:51,1,1.0
1970-01-16 20:24:55,1,1.0
1970-01-16 20:24:58,1,1.0
1970-01-16 20:25:02,1,1.0
1970-01-16 20:25:06,1,1.0
1970-01-16 20:25:09,1,1.0
1970-01-16 20:25:13,1,1.0
1970-01-16 20:25:16,1,1.0
1970-01-16 20:25:20,1,1.0
1970-01-16 20:25:24,1,1.0
1970-01-16 20:25:27,1,1.0
1970-01-16 20:25:31,1,1.0
1970-01-16 20:25:34,1,1.0
1970-01-16 20:25:38,1,1.0
1970-01-16 20:25:42,1,1.0
1970-01-16 20:25:45,1,1.0
1970-01-16 20:25:49,1,1.0
1970-01-16 20:25:52,1,1.0
1970-01-16 20:25:56,1,1.0
1970-01-16 20:26:00,1,1.0
1970-01-16 20:26:03,1,1.0
1970-01-16 20:26:07,1,1.0
1970-01-16 20:26:10,1,1.0
1970-01-16 20:26:14,1,1.0
1970-01-16 20:26:18,1,1.0
1970-01-16 20:26:21,1,1.0
1970-01-16 20:26:25,1,1.0
1970-01-16 20:26:28,1,1.0
1970-01-16 20:26:32,1,1.0
1970-01-16 20:26:36,1,1.0
1970-01-16 20:26:39,1,1.0
1970-01-16 20:26:43,1,1.0
1970-01-16 20:26:46,1,1.0
1970-01-16 20:26:50,1,1.0
1970-01-16 20:26:54,1,1.0
1970-01-16 20:26:57,1,1.0
1970-01-16 20:27:01,1,1.0
1970-01-16 20:27:04,1,1.0
1970-01-16 20:27:08,1,1.0
1970-01-16 20:27:12,1,1.0
1970-01-16 20:27:15,1,1.0
1970-01-16 20:27:19,1,1.0
1970-01-16 20:27:22,1,1.0
1970-01-16 20:27:26,1,1.0
1970-01-16 20:27:30,1,1.0
1970-01-16 20:27:33,1,1.0
1970-01-16 20:27:37,1,1.0
1970-01-16 20:27:40,1,1.0
1970-01-16 20:27:44,1,1.0
1970-01-16 20:27:48,1,1.0
1970-01-16 20:27:51,1,1.0
1970-01-16 20:27:55,1,1.0
1970-01-16 20:27:58,1,1.0
1970-01-16 20:28:02,1,1.0
1970-01-16 20:28:06,1,1.0
1970-01-16 20:28:09,1,1.0
1970-01-16 20:28:13,1,1.0
1970-01-16 20:28:16,1,1.0
1970-01-16 20:28:20,1,1.0
1970-01-16 20:28:24,1,1.0
1970-01-16 20:28:27,1,1.0
1970-01-16 20:28:31,1,1.0
1970-01-16 20:28:34,1,1.0
1970-01-16 20:28:38,1,1.0
1970-01-16 20:28:42,1,1.0
1970-01-16 20:28:45,1,1.0
1970-01-16 20:28:49,1,1.0
1970-01-16 20:28:52,1,1.0
1970-01-16 20:28:56,1,1.0
1970-01-16 20:29:00,1,1.0
1970-01-16 20:29:03,1,1.0
1970-01-16 20:29:07,1,1.0
1970-01-16 20:29:10,1,1.0
1970-01-16 20:29:14,1,1.0
1970-01-16 20:29:18,1,1.0
1970-01-16 20:29:21,1,1.0
1970-01-16 20:29:25,1,1.0
1970-01-16 20:29:28,1,1.0
1970-01-16 20:29:32,1,1.0
1970-01-16 20:29:36,1,1.0
1970-01-16 20:29:39,1,1.0
1970-01-16 20:29:43,1,1.0
1970-01-16 20:29:46,1,1.0
1970-01-16 20:29:50,1,1.0
1970-01-16 20:29:54,1,1.0
1970-01-16 20:29:57,1,1.0
1970-01-16 20:30:01,1,1.0
1970-01-16 20:30:04,1,1.0
1970-01-16 20:30:08,1,1.0
1970-01-16 20:30:12,1,1.0
1970-01-16 20:30:15,1,1.0
1970-01-16 20:30:19,1,1.0
1970-01-16 20:30:22,1,1.0
1970-01-16 20:30:26,1,1.0
1970-01-16 20:30:30,1,1.0
1970-01-16 20:30:33,1,1.0
2013-03-24 09:47:00,1,1.0
2013-03-24 10:18:43,1,1.0
2013-03-24 10:30:03,1,1.0
2013-03-24 10:48:22,1,1.0
2013-03-27 04:45:45,1,1.0
2013-03-28 23:53:09,1,1.0
2013-03-29 19:45:25,1,1.0
2013-03-30 00:32:58,1,1.0
2013-03-30 22:27:26,1,1.0
2013-03-31 18:49:27,1,1.0
2013-04-01 02:45:54,1,1.0
2013-04-03 06:03:04,1,1.0
2013-04-04 07:28:35,1,1.0
2013-04-05 06:08:42,1,1.0
2013-04-06 01:26:41,1,1.0
2013-04-06 09:39:30,1,1.0
2013-04-07 21:21:54,1,1.0
2013-04-09 04:50:01,1,1.0
2013-04-10 02:59:22,1,1.0
2013-04-10 22:33:15,1,1.0
2013-04-11 02:03:16,1,1.0
2013-04-12 02:44:19,1,1.0
2013-04-13 22:54:36,1,1.0
2013-04-14 23:14:15,1,1.0
2013-04-16 01:52:24,1,1.0
2013-04-16 04:24:02,1,1.0
2013-04-17 04:01:47,1,1.0
2013-04-19 00:32:42,1,1.0
2013-04-20 06:44:52,1,1.0
2013-04-26 18:03:22,1,1.0
2013-04-28 07:47:46,1,1.0
2013-04-28 19:34:02,1,1.0
2013-04-28 21:44:49,1,1.0
2013-04-29 05:50:08,1,1.0
2013-04-30 05:58:15,1,1.0
2013-05-07 05:04:20,1,1.0
