time,student_id,conv_duration_min
2013-03-24 09:47:00,1,6.0
2013-03-24 10:18:43,1,6.0
2013-03-24 10:30:03,1,6.0
2013-03-24 10:48:22,1,6.0
2013-03-27 04:30:43,1,6.0
2013-03-27 04:45:45,1,6.0
2013-03-27 12:46:14,1,50.0
2013-03-27 13:40:30,1,11.0
2013-03-27 14:07:28,1,4.0
2013-03-27 14:15:20,1,32.0
2013-03-27 14:56:19,1,11.0
2013-03-27 15:15:46,1,2.0
2013-03-27 15:29:29,1,47.0
2013-03-27 16:20:24,1,1.0
2013-03-27 16:29:35,1,15.0
2013-03-27 16:52:45,1,1.0
2013-03-27 21:22:05,1,19.0
2013-03-28 00:06:05,1,41.0
2013-03-28 00:51:16,1,6.0
2013-03-28 01:57:08,1,36.0
2013-03-28 02:34:37,1,2.0
2013-03-28 02:40:09,1,18.0
2013-03-28 03:03:20,1,54.0
2013-03-28 04:13:49,1,1.0
2013-03-28 04:19:31,1,1.0
2013-03-28 04:36:13,1,6.0
2013-03-28 05:02:19,1,7.0
2013-03-28 05:41:28,1,5.0
2013-03-28 17:23:24,1,1.0
2013-03-28 17:28:36,1,2.0
2013-03-28 17:38:48,1,1.0
2013-03-28 17:43:19,1,4.0
2013-03-28 17:48:32,1,4.0
2013-03-28 18:01:56,1,6.0
2013-03-28 18:12:20,1,14.0
2013-03-28 18:31:58,1,6.0
2013-03-28 18:42:32,1,4.0
2013-03-28 18:50:25,1,14.0
2013-03-28 19:05:32,1,2.0
2013-03-28 19:11:34,1,1.0
2013-03-28 19:12:55,1,1.0
2013-03-28 19:18:26,1,2.0
2013-03-28 19:28:38,1,4.0
2013-03-28 19:41:02,1,11.0
2013-03-28 19:56:38,1,28.0
2013-03-28 20:28:55,1,17.0
2013-03-28 20:46:44,1,8.0
2013-03-28 21:07:00,1,1.0
2013-03-28 21:09:01,1,0.0
2013-03-28 21:13:52,1,10.0
2013-03-28 22:07:55,1,3.0
2013-03-28 22:14:47,1,3.0
2013-03-28 23:14:36,1,9.0
2013-03-28 23:28:12,1,27.0
2013-03-28 23:53:09,1,15.0
2013-03-28 23:59:16,1,15.0
2013-03-29 00:18:55,1,61.0
2013-03-29 01:24:18,1,12.0
2013-03-29 01:40:55,1,12.0
2013-03-29 01:56:52,1,2.0
2013-03-29 02:04:24,1,1.0
2013-03-29 02:22:07,1,3.0
2013-03-29 02:34:21,1,3.0
2013-03-29 02:42:03,1,3.0
2013-03-29 02:49:16,1,9.0
2013-03-29 03:02:01,1,1.0
2013-03-29 03:38:57,1,7.0
2013-03-29 03:47:21,1,3.0
2013-03-29 03:55:04,1,7.0
2013-03-29 04:03:08,1,5.0
2013-03-29 04:12:01,1,13.0
2013-03-29 05:21:36,1,1.0
2013-03-29 12:35:56,1,1.0
2013-03-29 12:49:39,1,21.0
2013-03-29 13:19:01,1,18.0
2013-03-29 13:41:51,1,10.0
2013-03-29 14:03:37,1,65.0
2013-03-29 15:20:42,1,61.0
2013-03-29 16:26:05,1,2.0
2013-03-29 16:35:47,1,5.0
2013-03-29 17:05:04,1,6.0
2013-03-29 17:23:49,1,7.0
2013-03-29 17:31:23,1,2.0
2013-03-29 17:45:56,1,12.0
2013-03-29 18:06:03,1,4.0
2013-03-29 18:14:06,1,4.0
2013-03-29 18:22:29,1,1.0
2013-03-29 18:36:21,1,74.0
2013-03-29 19:45:25,1,9.0
2013-03-29 19:54:02,1,9.0
2013-03-29 20:07:27,1,2.0
2013-03-29 20:13:59,1,1.0
2013-03-29 20:58:56,1,11.0
2013-03-29 21:15:02,1,9.0
2013-03-29 21:28:08,1,18.0
2013-03-29 21:50:07,1,12.0
2013-03-29 22:06:14,1,6.0
2013-03-29 22:17:07,1,13.0
2013-03-29 22:54:18,1,28.0
2013-03-29 23:26:03,1,3.0
2013-03-29 23:33:45,1,9.0
2013-03-29 23:51:11,1,51.0
2013-03-30 00:32:58,1,39.0
2013-03-30 00:46:18,1,39.0
2013-03-30 01:25:47,1,32.0
2013-03-30 02:01:24,1,12.0
2013-03-30 02:33:43,1,1.0
2013-03-30 02:38:34,1,1.0
2013-03-30 03:15:50,1,3.0
2013-03-30 04:07:29,1,16.0
2013-03-30 04:35:49,1,2.0
2013-03-30 05:33:59,1,1.0
2013-03-30 05:47:41,1,1.0
2013-03-30 15:38:11,1,26.0
2013-03-30 16:08:27,1,2.0
2013-03-30 16:14:18,1,6.0
2013-03-30 16:24:22,1,37.0
2013-03-30 17:05:33,1,26.0
2013-03-30 17:32:34,1,23.0
2013-03-30 17:59:26,1,29.0
2013-03-30 18:33:02,1,1.0
2013-03-30 18:38:33,1,8.0
2013-03-30 19:14:31,1,123.0
2013-03-30 21:25:34,1,15.0
2013-03-30 21:44:53,1,1.0
2013-03-30 21:50:34,1,10.0
2013-03-30 22:04:40,1,2.0
2013-03-30 22:27:26,1,2.0
2013-03-31 00:10:49,1,15.0
2013-03-31 00:29:58,1,13.0
2013-03-31 00:46:45,1,5.0
2013-03-31 02:40:15,1,12.0
2013-03-31 02:56:11,1,55.0
2013-03-31 03:55:09,1,21.0
2013-03-31 04:21:21,1,2.0
2013-03-31 04:31:23,1,3.0
2013-03-31 04:46:17,1,1.0
2013-03-31 04:51:38,1,12.0
2013-03-31 05:08:15,1,1.0
2013-03-31 05:09:46,1,1.0
2013-03-31 05:14:17,1,4.0
2013-03-31 05:26:40,1,1.0
2013-03-31 05:44:23,1,6.0
2013-03-31 16:44:21,1,8.0
2013-03-31 16:56:06,1,19.0
2013-03-31 17:20:17,1,5.0
2013-03-31 17:33:30,1,1.0
2013-03-31 17:39:12,1,2.0
2013-03-31 18:09:27,1,43.0
2013-03-31 18:49:27,1,29.0
2013-03-31 19:28:36,1,29.0
2013-03-31 19:58:52,1,9.0
2013-03-31 20:08:47,1,6.0
2013-03-31 20:18:30,1,3.0
2013-03-31 20:25:53,1,60.0
2013-03-31 21:34:35,1,11.0
2013-03-31 21:49:52,1,2.0
2013-03-31 22:03:25,1,5.0
2013-03-31 22:20:59,1,11.0
2013-03-31 22:36:56,1,3.0
2013-03-31 22:43:58,1,1.0
2013-03-31 22:52:50,1,1.0
2013-03-31 23:09:33,1,1.0
2013-03-31 23:14:34,1,3.0
2013-03-31 23:41:59,1,1.0
2013-04-01 00:00:02,1,1.0
2013-04-01 00:13:45,1,4.0
2013-04-01 00:22:58,1,1.0
2013-04-01 00:44:41,1,18.0
2013-04-01 01:07:32,1,16.0
2013-04-01 01:27:51,1,2.0
2013-04-01 01:46:15,1,3.0
2013-04-01 02:09:49,1,6.0
2013-04-01 02:19:43,1,1.0
2013-04-01 02:21:34,1,6.0
2013-04-01 02:44:10,1,14.0
2013-04-01 02:45:54,1,14.0
2013-04-01 02:59:17,1,2.0
2013-04-01 03:06:20,1,6.0
2013-04-01 03:13:13,1,9.0
2013-04-01 03:30:49,1,1.0
2013-04-01 03:44:52,1,10.0
2013-04-01 03:59:08,1,22.0
2013-04-01 04:25:00,1,6.0
2013-04-01 04:38:54,1,17.0
2013-04-01 05:20:16,1,6.0
2013-04-01 05:29:59,1,14.0
2013-04-01 05:48:06,1,25.0
2013-04-01 06:16:59,1,51.0
2013-04-01 07:12:16,1,29.0
2013-04-01 07:45:01,1,11.0
2013-04-01 15:32:52,1,48.0
2013-04-01 16:30:28,1,2.0
2013-04-01 16:41:21,1,16.0
2013-04-01 17:22:03,1,6.0
2013-04-01 17:35:47,1,9.0
2013-04-01 17:57:14,1,10.0
2013-04-01 18:11:19,1,14.0
2013-04-01 18:30:17,1,8.0
2013-04-01 18:43:12,1,3.0
2013-04-01 18:50:14,1,2.0
2013-04-01 19:00:07,1,2.0
2013-04-01 19:06:28,1,15.0
2013-04-01 20:05:13,1,1.0
2013-04-01 20:14:05,1,8.0
2013-04-01 20:34:11,1,1.0
2013-04-01 22:31:39,1,13.0
2013-04-01 22:53:57,1,8.0
2013-04-01 23:02:51,1,1.0
2013-04-01 23:12:23,1,23.0
2013-04-01 23:35:56,1,1.0
2013-04-01 23:37:17,1,68.0
2013-04-02 01:13:25,1,1.0
2013-04-02 01:27:38,1,6.0
2013-04-02 02:23:08,1,1.0
2013-04-02 02:29:20,1,7.0
2013-04-02 02:36:34,1,4.0
2013-04-02 02:45:16,1,20.0
2013-04-02 03:09:27,1,8.0
2013-04-02 03:22:42,1,1.0
2013-04-02 03:24:23,1,7.0
2013-04-02 03:35:27,1,3.0
2013-04-02 03:43:50,1,5.0
2013-04-02 03:57:34,1,2.0
2013-04-02 04:04:36,1,4.0
2013-04-02 04:13:39,1,15.0
2013-04-02 04:33:38,1,4.0
2013-04-02 04:42:51,1,1.0
2013-04-02 04:48:22,1,9.0
2013-04-02 16:02:18,1,1.0
2013-04-02 16:15:30,1,0.0
2013-04-02 16:52:17,1,1.0
2013-04-02 17:02:39,1,26.0
2013-04-02 17:36:13,1,10.0
2013-04-02 17:50:29,1,8.0
2013-04-02 18:38:59,1,2.0
2013-04-02 19:01:33,1,4.0
2013-04-02 19:29:29,1,6.0
2013-04-02 19:47:43,1,10.0
2013-04-02 20:06:50,1,2.0
2013-04-02 20:24:54,1,0.0
2013-04-02 20:41:47,1,8.0
2013-04-02 21:10:04,1,1.0
2013-04-02 22:46:49,1,2.0
2013-04-02 23:45:18,1,1.0
2013-04-02 23:50:09,1,3.0
2013-04-02 23:58:02,1,1.0
2013-04-03 00:03:03,1,25.0
2013-04-03 00:37:18,1,3.0
2013-04-03 00:55:51,1,2.0
2013-04-03 01:01:53,1,12.0
2013-04-03 01:17:50,1,13.0
2013-04-03 02:11:23,1,6.0
2013-04-03 02:21:36,1,2.0
2013-04-03 02:36:09,1,2.0
2013-04-03 02:46:22,1,2.0
2013-04-03 03:52:34,1,1.0
2013-04-03 03:57:35,1,5.0
2013-04-03 05:38:42,1,1.0
2013-04-03 05:55:15,1,2.0
2013-04-03 06:03:04,1,2.0
2013-04-03 12:46:21,1,66.0
2013-04-03 14:07:57,1,36.0
2013-04-03 14:49:06,1,18.0
2013-04-03 15:16:16,1,3.0
2013-04-03 15:27:09,1,169.0
2013-04-03 18:20:04,1,11.0
2013-04-03 19:00:45,1,63.0
2013-04-03 20:07:17,1,61.0
2013-04-03 21:13:19,1,13.0
2013-04-03 21:34:48,1,13.0
2013-04-03 22:20:41,1,23.0
2013-04-03 22:44:25,1,29.0
2013-04-03 23:17:36,1,56.0
2013-04-04 00:17:27,1,10.0
2013-04-04 00:31:43,1,40.0
2013-04-04 01:15:34,1,46.0
2013-04-04 02:09:29,1,19.0
2013-04-04 02:32:40,1,23.0
2013-04-04 02:59:42,1,56.0
2013-04-04 03:59:34,1,19.0
2013-04-04 04:22:55,1,23.0
2013-04-04 04:49:38,1,1.0
2013-04-04 05:07:01,1,6.0
2013-04-04 05:24:46,1,51.0
2013-04-04 06:19:57,1,1.0
2013-04-04 06:25:49,1,3.0
2013-04-04 06:41:12,1,8.0
2013-04-04 06:49:56,1,1.0
2013-04-04 07:06:59,1,4.0
2013-04-04 07:15:12,1,1.0
2013-04-04 07:28:35,1,1.0
2013-04-04 15:40:46,1,2.0
2013-04-04 15:46:48,1,3.0
2013-04-04 15:57:50,1,5.0
2013-04-04 16:07:54,1,46.0
2013-04-04 17:06:39,1,16.0
2013-04-04 17:28:09,1,7.0
2013-04-04 17:42:44,1,27.0
2013-04-04 18:10:58,1,12.0
2013-04-04 18:31:45,1,3.0
2013-04-04 18:38:47,1,4.0
2013-04-04 18:56:12,1,3.0
2013-04-04 19:03:14,1,9.0
2013-04-04 19:13:09,1,9.0
2013-04-04 19:31:06,1,16.0
2013-04-04 19:54:59,1,3.0
2013-04-04 20:06:12,1,10.0
2013-04-04 20:16:27,1,1.0
2013-04-04 20:30:00,1,46.0
2013-04-04 21:20:04,1,17.0
2013-04-04 21:42:43,1,30.0
2013-04-04 22:24:10,1,1.0
2013-04-04 22:29:21,1,6.0
2013-04-04 22:43:15,1,7.0
2013-04-04 22:54:20,1,41.0
2013-04-04 23:43:22,1,47.0
2013-04-05 00:30:45,1,20.0
2013-04-05 00:55:17,1,40.0
2013-04-05 01:39:17,1,66.0
2013-04-05 02:54:28,1,2.0
2013-04-05 03:32:25,1,10.0
2013-04-05 04:02:24,1,8.0
2013-04-05 04:10:58,1,2.0
2013-04-05 04:16:30,1,8.0
2013-04-05 04:25:04,1,2.0
2013-04-05 04:35:37,1,14.0
2013-04-05 04:53:35,1,6.0
2013-04-05 05:07:40,1,1.0
2013-04-05 05:40:55,1,1.0
2013-04-05 06:08:42,1,1.0
2013-04-05 12:18:20,1,1.0
2013-04-05 14:55:36,1,6.0
2013-04-05 15:05:40,1,1.0
2013-04-05 15:15:32,1,65.0
2013-04-05 17:01:03,1,4.0
2013-04-05 17:09:56,1,1.0
2013-04-05 17:27:50,1,3.0
2013-04-05 17:34:42,1,3.0
2013-04-05 17:49:25,1,1.0
2013-04-05 17:58:47,1,1.0
2013-04-05 18:03:59,1,0.0
2013-04-05 18:04:59,1,18.0
2013-04-05 18:26:59,1,16.0
2013-04-05 18:43:58,1,1.0
2013-04-05 18:48:49,1,4.0
2013-04-05 18:58:02,1,4.0
2013-04-05 19:07:05,1,6.0
2013-04-05 19:16:39,1,1.0
2013-04-05 19:21:40,1,1.0
2013-04-05 19:30:31,1,16.0
2013-04-05 19:51:30,1,36.0
2013-04-05 20:35:30,1,25.0
2013-04-05 21:04:33,1,24.0
2013-04-05 21:32:35,1,4.0
2013-04-05 21:40:48,1,16.0
2013-04-05 22:00:37,1,97.0
2013-04-05 23:42:19,1,5.0
2013-04-05 23:48:22,1,20.0
2013-04-06 00:12:53,1,29.0
2013-04-06 00:45:58,1,1.0
2013-04-06 00:52:10,1,5.0
2013-04-06 01:04:54,1,27.0
2013-04-06 01:26:41,1,25.0
2013-04-06 01:35:58,1,25.0
2013-04-06 02:09:15,1,21.0
2013-04-06 02:42:51,1,13.0
2013-04-06 02:59:58,1,15.0
2013-04-06 03:19:07,1,83.0
2013-04-06 04:46:20,1,23.0
2013-04-06 05:14:03,1,1.0
2013-04-06 05:19:04,1,7.0
2013-04-06 05:42:13,1,20.0
2013-04-06 06:06:13,1,6.0
2013-04-06 06:17:07,1,11.0
2013-04-06 06:36:04,1,6.0
2013-04-06 09:39:30,1,3.0
2013-04-06 18:11:15,1,3.0
2013-04-06 18:15:37,1,2.0
2013-04-06 18:33:31,1,9.0
2013-04-06 18:47:16,1,9.0
2013-04-06 18:57:31,1,1.0
2013-04-06 18:59:32,1,21.0
2013-04-06 19:48:07,1,1.0
2013-04-06 19:57:49,1,2.0
2013-04-06 20:04:11,1,88.0
2013-04-06 21:36:18,1,27.0
2013-04-06 22:03:43,1,2.0
2013-04-06 22:10:55,1,19.0
2013-04-06 22:30:45,1,8.0
2013-04-06 22:39:50,1,6.0
2013-04-06 22:49:53,1,17.0
2013-04-06 23:19:34,1,27.0
2013-04-06 23:50:18,1,33.0
2013-04-07 00:27:36,1,2.0
2013-04-07 00:33:27,1,9.0
2013-04-07 00:50:33,1,1.0
2013-04-07 00:52:03,1,1.0
2013-04-07 01:00:35,1,4.0
2013-04-07 01:08:38,1,5.0
2013-04-07 01:17:51,1,99.0
2013-04-07 03:02:02,1,3.0
2013-04-07 03:09:45,1,5.0
2013-04-07 03:18:38,1,7.0
2013-04-07 03:30:12,1,1.0
2013-04-07 03:42:34,1,3.0
2013-04-07 03:53:57,1,24.0
2013-04-07 04:29:50,1,19.0
2013-04-07 05:06:02,1,25.0
2013-04-07 05:42:56,1,1.0
2013-04-07 05:56:52,1,4.0
2013-04-07 06:09:08,1,4.0
2013-04-07 17:30:59,1,11.0
2013-04-07 17:43:06,1,9.0
2013-04-07 18:04:52,1,62.0
2013-04-07 19:10:54,1,1.0
2013-04-07 19:16:56,1,3.0
2013-04-07 19:28:08,1,0.0
2013-04-07 19:37:00,1,21.0
2013-04-07 20:02:01,1,14.0
2013-04-07 20:19:59,1,29.0
2013-04-07 21:13:07,1,3.0
2013-04-07 21:21:54,1,3.0
2013-04-07 21:32:01,1,86.0
2013-04-07 23:02:26,1,2.0
2013-04-07 23:08:27,1,4.0
2013-04-07 23:53:50,1,0.0
2013-04-08 00:06:42,1,48.0
2013-04-08 00:58:57,1,17.0
2013-04-08 01:20:37,1,23.0
2013-04-08 01:47:39,1,2.0
2013-04-08 02:05:42,1,19.0
2013-04-08 02:29:33,1,20.0
2013-04-08 02:54:34,1,23.0
2013-04-08 03:21:26,1,17.0
2013-04-08 03:39:04,1,15.0
2013-04-08 03:58:33,1,28.0
2013-04-08 04:30:37,1,9.0
2013-04-08 04:40:03,1,1.0
2013-04-08 04:45:04,1,20.0
2013-04-08 05:06:04,1,2.0
2013-04-08 05:20:47,1,5.0
2013-04-08 05:29:50,1,18.0
2013-04-08 05:49:00,1,13.0
2013-04-08 06:05:37,1,3.0
2013-04-08 06:17:00,1,5.0
2013-04-08 06:27:14,1,21.0
2013-04-08 06:49:02,1,10.0
2013-04-08 07:00:08,1,3.0
2013-04-08 07:07:40,1,10.0
2013-04-08 07:21:56,1,6.0
2013-04-08 07:37:01,1,3.0
2013-04-08 11:13:12,1,1.0
2013-04-08 15:10:41,1,8.0
2013-04-08 15:23:36,1,56.0
2013-04-08 16:36:40,1,16.0
2013-04-08 16:53:59,1,2.0
2013-04-08 17:00:51,1,5.0
2013-04-08 17:10:34,1,4.0
2013-04-08 17:18:26,1,32.0
2013-04-08 17:58:54,1,4.0
2013-04-08 18:11:48,1,16.0
2013-04-08 18:32:47,1,6.0
2013-04-08 18:46:32,1,2.0
2013-04-08 18:50:04,1,1.0
2013-04-08 18:54:44,1,3.0
2013-04-08 19:05:57,1,4.0
2013-04-08 19:15:00,1,3.0
2013-04-08 19:30:44,1,6.0
2013-04-08 19:40:47,1,5.0
2013-04-08 19:50:31,1,4.0
2013-04-08 20:02:44,1,1.0
2013-04-08 20:07:56,1,10.0
2013-04-08 20:45:55,1,3.0
2013-04-08 20:49:57,1,7.0
2013-04-08 21:01:01,1,46.0
2013-04-08 21:50:45,1,59.0
2013-04-08 22:58:05,1,2.0
2013-04-08 23:08:48,1,16.0
2013-04-09 00:34:27,1,3.0
2013-04-09 00:41:59,1,2.0
2013-04-09 00:52:52,1,12.0
2013-04-09 01:05:59,1,9.0
2013-04-09 01:18:54,1,9.0
2013-04-09 01:32:09,1,15.0
2013-04-09 01:51:07,1,2.0
2013-04-09 01:57:19,1,8.0
2013-04-09 02:14:35,1,15.0
2013-04-09 02:42:04,1,35.0
2013-04-09 03:18:23,1,21.0
2013-04-09 03:44:04,1,21.0
2013-04-09 04:42:30,1,37.0
2013-04-09 04:50:01,1,37.0
2013-04-09 17:41:17,1,3.0
2013-04-09 17:57:21,1,2.0
2013-04-09 18:03:22,1,3.0
2013-04-09 18:14:35,1,1.0
2013-04-09 18:20:17,1,1.0
2013-04-09 18:21:27,1,13.0
2013-04-09 18:35:35,1,3.0
2013-04-09 18:55:29,1,6.0
2013-04-09 19:18:05,1,12.0
2013-04-09 19:42:13,1,5.0
2013-04-09 19:52:06,1,12.0
2013-04-09 20:08:03,1,114.0
2013-04-09 22:06:22,1,3.0
2013-04-09 22:14:15,1,34.0
2013-04-09 23:04:35,1,18.0
2013-04-09 23:27:45,1,3.0
2013-04-09 23:39:59,1,3.0
2013-04-09 23:50:21,1,32.0
2013-04-10 00:26:28,1,7.0
2013-04-10 00:54:26,1,1.0
2013-04-10 01:03:28,1,5.0
2013-04-10 01:21:02,1,1.0
2013-04-10 01:25:23,1,6.0
2013-04-10 01:39:27,1,5.0
2013-04-10 01:48:30,1,6.0
2013-04-10 01:58:34,1,13.0
2013-04-10 02:15:32,1,43.0
2013-04-10 02:59:22,1,10.0
2013-04-10 03:03:45,1,10.0
2013-04-10 03:14:41,1,4.0
2013-04-10 03:22:34,1,8.0
2013-04-10 03:30:58,1,16.0
2013-04-10 03:51:57,1,7.0
2013-04-10 04:04:12,1,8.0
2013-04-10 04:12:46,1,12.0
2013-04-10 04:28:43,1,33.0
2013-04-10 05:05:51,1,32.0
2013-04-10 05:42:18,1,1.0
2013-04-10 12:48:27,1,1.0
2013-04-10 12:53:38,1,41.0
2013-04-10 13:39:19,1,11.0
2013-04-10 14:07:27,1,31.0
2013-04-10 14:42:24,1,25.0
2013-04-10 15:07:57,1,1.0
2013-04-10 15:16:18,1,44.0
2013-04-10 16:04:41,1,21.0
2013-04-10 16:29:32,1,2.0
2013-04-10 18:40:43,1,13.0
2013-04-10 18:54:50,1,5.0
2013-04-10 19:08:44,1,30.0
2013-04-10 19:46:41,1,37.0
2013-04-10 20:27:51,1,75.0
2013-04-10 21:46:50,1,14.0
2013-04-10 22:16:50,1,38.0
2013-04-10 22:33:15,1,38.0
2013-04-10 22:56:09,1,11.0
2013-04-10 23:08:26,1,7.0
2013-04-10 23:16:10,1,8.0
2013-04-10 23:28:05,1,11.0
2013-04-10 23:44:01,1,8.0
2013-04-10 23:55:56,1,4.0
2013-04-11 00:04:09,1,11.0
2013-04-11 00:19:15,1,1.0
2013-04-11 00:24:26,1,4.0
2013-04-11 00:32:09,1,6.0
2013-04-11 00:43:13,1,35.0
2013-04-11 01:23:22,1,4.0
2013-04-11 01:55:59,1,10.0
2013-04-11 02:03:16,1,7.0
2013-04-11 02:07:25,1,7.0
2013-04-11 02:17:59,1,26.0
2013-04-11 02:48:03,1,61.0
2013-04-11 03:57:26,1,38.0
2013-04-11 04:36:07,1,2.0
2013-04-11 04:46:19,1,7.0
2013-04-11 05:49:13,1,1.0
2013-04-11 05:58:45,1,0.0
2013-04-11 05:59:46,1,1.0
2013-04-11 13:00:54,1,4.0
2013-04-11 13:42:23,1,1.0
2013-04-11 14:15:08,1,5.0
2013-04-11 14:27:52,1,43.0
2013-04-11 17:27:04,1,2.0
2013-04-11 18:01:19,1,10.0
2013-04-11 18:15:25,1,3.0
2013-04-11 18:22:37,1,39.0
2013-04-11 19:10:09,1,16.0
2013-04-11 19:58:52,1,8.0
2013-04-11 20:15:17,1,2.0
2013-04-11 20:21:18,1,3.0
2013-04-11 20:28:22,1,6.0
2013-04-11 20:50:38,1,20.0
2013-04-11 21:31:12,1,12.0
2013-04-11 22:03:31,1,6.0
2013-04-11 22:13:35,1,14.0
2013-04-11 22:31:42,1,100.0
2013-04-12 00:15:23,1,9.0
2013-04-12 00:32:39,1,12.0
2013-04-12 00:48:45,1,7.0
2013-04-12 00:59:39,1,13.0
2013-04-12 01:16:37,1,14.0
2013-04-12 01:35:04,1,13.0
2013-04-12 01:51:31,1,8.0
2013-04-12 02:03:56,1,23.0
2013-04-12 02:31:38,1,5.0
2013-04-12 02:44:19,1,2.0
2013-04-12 02:54:04,1,2.0
2013-04-12 03:00:06,1,5.0
2013-04-12 04:14:19,1,2.0
2013-04-12 04:41:50,1,35.0
2013-04-12 05:21:09,1,1.0
2013-04-12 05:26:50,1,6.0
2013-04-12 05:34:04,1,1.0
2013-04-12 05:39:46,1,35.0
2013-04-12 06:18:44,1,51.0
2013-04-12 12:50:44,1,62.0
2013-04-12 14:04:47,1,15.0
2013-04-12 14:24:35,1,1.0
2013-04-12 14:25:56,1,43.0
2013-04-12 15:17:19,1,78.0
2013-04-12 16:40:00,1,0.0
2013-04-12 16:41:00,1,22.0
2013-04-12 17:11:42,1,3.0
2013-04-12 17:23:06,1,2.0
2013-04-12 17:32:48,1,1.0
2013-04-12 17:41:39,1,11.0
2013-04-12 17:57:56,1,2.0
2013-04-12 18:04:48,1,7.0
2013-04-12 18:16:12,1,28.0
2013-04-12 18:55:48,1,5.0
2013-04-12 19:05:51,1,2.0
2013-04-12 19:11:33,1,3.0
2013-04-12 19:59:02,1,5.0
2013-04-12 20:08:55,1,45.0
2013-04-12 20:57:38,1,55.0
2013-04-12 22:29:27,1,1.0
2013-04-12 22:31:28,1,116.0
2013-04-13 00:31:58,1,6.0
2013-04-13 00:38:32,1,6.0
2013-04-13 00:45:05,1,1.0
2013-04-13 00:54:07,1,16.0
2013-04-13 01:30:08,1,3.0
2013-04-13 01:37:10,1,6.0
2013-04-13 01:47:24,1,30.0
2013-04-13 02:21:14,1,39.0
2013-04-13 03:00:29,1,10.0
2013-04-13 03:14:15,1,29.0
2013-04-13 03:47:10,1,20.0
2013-04-13 04:15:31,1,1.0
2013-04-13 04:45:17,1,3.0
2013-04-13 04:52:49,1,25.0
2013-04-13 05:33:24,1,1.0
2013-04-13 16:39:31,1,33.0
2013-04-13 17:16:27,1,51.0
2013-04-13 18:08:44,1,1.0
2013-04-13 18:10:35,1,1.0
2013-04-13 18:15:25,1,39.0
2013-04-13 18:58:36,1,46.0
2013-04-13 19:44:58,1,9.0
2013-04-13 20:05:54,1,0.0
2013-04-13 20:10:55,1,13.0
2013-04-13 20:36:33,1,35.0
2013-04-13 21:15:32,1,10.0
2013-04-13 21:25:48,1,1.0
2013-04-13 21:30:29,1,33.0
2013-04-13 22:07:36,1,5.0
2013-04-13 22:17:29,1,2.0
2013-04-13 22:20:01,1,11.0
2013-04-13 22:51:50,1,18.0
2013-04-13 22:54:36,1,18.0
2013-04-13 23:17:50,1,48.0
2013-04-14 00:09:45,1,7.0
2013-04-14 00:20:49,1,45.0
2013-04-14 01:09:32,1,8.0
2013-04-14 03:25:56,1,7.0
2013-04-14 03:34:20,1,11.0
2013-04-14 03:49:07,1,2.0
2013-04-14 04:07:00,1,3.0
2013-04-14 04:23:24,1,1.0
2013-04-14 04:32:56,1,6.0
2013-04-14 04:55:12,1,0.0
2013-04-14 05:16:36,1,2.0
2013-04-14 05:35:23,1,5.0
2013-04-14 05:52:57,1,40.0
2013-04-14 06:37:03,1,51.0
2013-04-14 07:32:00,1,16.0
2013-04-14 17:29:19,1,1.0
2013-04-14 17:41:51,1,46.0
2013-04-14 18:40:07,1,30.0
2013-04-14 19:14:22,1,12.0
2013-04-14 19:31:31,1,17.0
2013-04-14 19:52:15,1,1.0
2013-04-14 19:57:06,1,36.0
2013-04-14 20:37:36,1,7.0
2013-04-14 20:49:20,1,3.0
2013-04-14 20:53:32,1,3.0
2013-04-14 21:12:46,1,4.0
2013-04-14 21:57:47,1,4.0
2013-04-14 22:10:31,1,0.0
2013-04-14 23:14:15,1,6.0
2013-04-14 23:47:36,1,6.0
2013-04-15 00:05:51,1,1.0
2013-04-15 00:11:53,1,9.0
2013-04-15 01:09:37,1,6.0
2013-04-15 01:27:52,1,5.0
2013-04-15 02:04:39,1,4.0
2013-04-15 02:12:41,1,3.0
2013-04-15 02:20:54,1,27.0
2013-04-15 02:51:38,1,16.0
2013-04-15 03:19:48,1,16.0
2013-04-15 03:39:57,1,6.0
2013-04-15 03:50:51,1,10.0
2013-04-15 04:05:47,1,13.0
2013-04-15 04:22:44,1,29.0
2013-04-15 06:48:47,1,7.0
2013-04-15 07:00:21,1,1.0
2013-04-15 15:09:50,1,9.0
2013-04-15 15:22:35,1,30.0
2013-04-15 15:56:52,1,54.0
2013-04-15 16:55:51,1,2.0
2013-04-15 17:02:03,1,2.0
2013-04-15 17:08:04,1,26.0
2013-04-15 17:37:58,1,25.0
2013-04-15 18:10:52,1,23.0
2013-04-15 18:38:14,1,11.0
2013-04-15 18:53:20,1,3.0
2013-04-15 18:59:52,1,6.0
2013-04-15 19:18:17,1,9.0
2013-04-15 19:32:23,1,1.0
2013-04-15 19:37:45,1,25.0
2013-04-15 20:23:01,1,13.0
2013-04-15 20:41:08,1,1.0
2013-04-15 20:51:01,1,3.0
2013-04-15 21:01:53,1,11.0
2013-04-15 21:13:59,1,6.0
2013-04-15 21:24:13,1,13.0
2013-04-15 21:41:50,1,13.0
2013-04-15 21:56:17,1,5.0
2013-04-15 22:05:10,1,2.0
2013-04-15 22:11:02,1,14.0
2013-04-15 22:33:20,1,1.0
2013-04-15 22:42:22,1,1.0
2013-04-15 23:04:16,1,25.0
2013-04-15 23:33:19,1,6.0
2013-04-15 23:43:23,1,7.0
2013-04-16 00:06:19,1,6.0
2013-04-16 00:16:22,1,2.0
2013-04-16 00:23:14,1,9.0
2013-04-16 01:04:23,1,9.0
2013-04-16 01:18:18,1,4.0
2013-04-16 01:26:41,1,2.0
2013-04-16 01:37:23,1,6.0
2013-04-16 01:52:24,1,13.0
2013-04-16 02:00:39,1,13.0
2013-04-16 02:14:26,1,3.0
2013-04-16 02:21:28,1,18.0
2013-04-16 02:52:39,1,11.0
2013-04-16 03:07:45,1,1.0
2013-04-16 03:13:47,1,5.0
2013-04-16 03:22:20,1,3.0
2013-04-16 03:29:42,1,5.0
2013-04-16 03:38:45,1,3.0
2013-04-16 03:45:37,1,4.0
2013-04-16 03:53:40,1,3.0
2013-04-16 04:00:32,1,5.0
2013-04-16 04:09:35,1,2.0
2013-04-16 04:19:47,1,51.0
2013-04-16 04:24:02,1,51.0
2013-04-16 05:14:33,1,4.0
2013-04-16 05:22:26,1,26.0
2013-04-16 14:57:35,1,1.0
2013-04-16 16:50:34,1,2.0
2013-04-16 17:44:26,1,1.0
2013-04-16 17:49:27,1,11.0
2013-04-16 18:13:55,1,11.0
2013-04-16 18:36:53,1,2.0
2013-04-16 18:42:44,1,1.0
2013-04-16 18:43:55,1,1.0
2013-04-16 18:49:36,1,12.0
2013-04-16 19:02:12,1,4.0
2013-04-16 19:17:36,1,12.0
2013-04-16 19:29:42,1,12.0
2013-04-16 19:45:39,1,5.0
2013-04-16 19:58:52,1,3.0
2013-04-16 20:45:50,1,2.0
2013-04-16 20:48:12,1,1.0
2013-04-16 21:17:56,1,6.0
2013-04-16 21:40:12,1,5.0
2013-04-16 21:57:06,1,36.0
2013-04-16 22:37:46,1,16.0
2013-04-16 22:54:14,1,2.0
2013-04-16 23:04:06,1,36.0
2013-04-16 23:52:16,1,4.0
2013-04-16 23:59:48,1,19.0
2013-04-17 00:22:58,1,24.0
2013-04-17 00:51:01,1,31.0
2013-04-17 01:26:08,1,4.0
2013-04-17 01:31:31,1,1.0
2013-04-17 01:36:01,1,17.0
2013-04-17 01:58:02,1,3.0
2013-04-17 02:05:24,1,22.0
2013-04-17 02:28:16,1,4.0
2013-04-17 02:36:38,1,8.0
2013-04-17 02:45:33,1,3.0
2013-04-17 02:53:05,1,7.0
2013-04-17 03:04:19,1,3.0
2013-04-17 03:11:01,1,6.0
2013-04-17 03:22:28,1,2.0
2013-04-17 03:48:02,1,19.0
2013-04-17 04:01:47,1,5.0
2013-04-17 04:10:52,1,5.0
2013-04-17 04:24:16,1,3.0
2013-04-17 04:31:18,1,2.0
2013-04-17 04:41:20,1,35.0
2013-04-17 05:21:18,1,10.0
2013-04-17 05:36:24,1,18.0
2013-04-17 05:58:23,1,17.0
2013-04-17 06:20:23,1,4.0
2013-04-17 06:28:15,1,10.0
2013-04-17 06:39:21,1,11.0
2013-04-17 06:54:27,1,9.0
2013-04-17 14:09:01,1,13.0
2013-04-17 14:22:27,1,36.0
2013-04-17 15:01:56,1,4.0
2013-04-17 15:13:49,1,51.0
2013-04-17 16:05:15,1,17.0
2013-04-17 16:26:55,1,5.0
2013-04-17 16:44:50,1,5.0
2013-04-17 16:54:33,1,15.0
2013-04-17 17:13:51,1,15.0
2013-04-17 17:33:10,1,2.0
2013-04-17 17:39:12,1,12.0
2013-04-17 17:54:58,1,3.0
2013-04-17 18:14:22,1,2.0
2013-04-17 18:20:23,1,6.0
2013-04-17 18:27:27,1,5.0
2013-04-17 18:33:20,1,14.0
2013-04-17 18:51:08,1,21.0
2013-04-17 19:44:23,1,1.0
2013-04-17 20:38:12,1,1.0
2013-04-17 20:51:24,1,20.0
2013-04-17 21:12:46,1,3.0
2013-04-17 21:20:28,1,8.0
2013-04-17 21:29:33,1,2.0
2013-04-17 21:35:24,1,14.0
2013-04-17 21:53:22,1,25.0
2013-04-17 22:22:46,1,4.0
2013-04-17 22:35:40,1,6.0
2013-04-17 22:42:53,1,5.0
2013-04-17 22:52:36,1,5.0
2013-04-17 23:01:30,1,25.0
2013-04-17 23:30:31,1,14.0
2013-04-18 00:04:41,1,31.0
2013-04-18 00:44:50,1,44.0
2013-04-18 01:32:23,1,20.0
2013-04-18 01:56:34,1,62.0
2013-04-18 03:02:27,1,62.0
2013-04-18 04:05:40,1,7.0
2013-04-18 04:33:58,1,1.0
2013-04-18 04:51:32,1,48.0
2013-04-18 05:55:49,1,1.0
2013-04-18 15:49:41,1,3.0
2013-04-18 16:00:54,1,8.0
2013-04-18 16:16:39,1,20.0
2013-04-18 16:36:59,1,5.0
2013-04-18 16:45:52,1,7.0
2013-04-18 17:16:38,1,2.0
2013-04-18 17:31:11,1,1.0
2013-04-18 17:49:04,1,6.0
2013-04-18 18:07:50,1,7.0
2013-04-18 18:31:17,1,4.0
2013-04-18 18:36:19,1,1.0
2013-04-18 18:38:21,1,1.0
2013-04-18 19:04:06,1,25.0
2013-04-18 19:42:21,1,2.0
2013-04-18 19:48:53,1,12.0
2013-04-18 20:05:00,1,2.0
2013-04-18 20:11:02,1,3.0
2013-04-18 20:18:14,1,7.0
2013-04-18 20:28:48,1,1.0
2013-04-18 20:46:31,1,2.0
2013-04-18 21:12:15,1,3.0
2013-04-18 21:20:07,1,21.0
2013-04-18 21:45:29,1,3.0
2013-04-18 21:53:01,1,1.0
2013-04-18 21:58:32,1,3.0
2013-04-18 22:02:14,1,8.0
2013-04-18 22:14:29,1,1.0
2013-04-18 22:20:30,1,33.0
2013-04-18 22:57:19,1,78.0
2013-04-19 00:20:00,1,72.0
2013-04-19 00:32:42,1,72.0
2013-04-19 01:33:28,1,6.0
2013-04-19 01:43:11,1,3.0
2013-04-19 01:50:03,1,72.0
2013-04-19 03:15:23,1,2.0
2013-04-19 03:21:45,1,23.0
2013-04-19 03:48:37,1,4.0
2013-04-19 03:53:50,1,2.0
2013-04-19 03:59:41,1,0.0
2013-04-19 04:04:32,1,3.0
2013-04-19 04:11:34,1,3.0
2013-04-19 04:38:30,1,1.0
2013-04-19 04:43:11,1,4.0
2013-04-19 04:47:43,1,8.0
2013-04-19 05:00:30,1,2.0
2013-04-19 05:14:33,1,1.0
2013-04-19 14:05:23,1,44.0
2013-04-19 14:53:06,1,14.0
2013-04-19 15:19:05,1,76.0
2013-04-19 16:36:15,1,7.0
2013-04-19 16:47:09,1,11.0
2013-04-19 17:02:36,1,22.0
2013-04-19 17:28:17,1,2.0
2013-04-19 17:34:29,1,7.0
2013-04-19 17:42:43,1,3.0
2013-04-19 17:49:15,1,37.0
2013-04-19 18:26:44,1,14.0
2013-04-19 18:45:32,1,13.0
2013-04-19 19:02:09,1,29.0
2013-04-19 19:31:35,1,9.0
2013-04-19 19:41:30,1,2.0
2013-04-19 19:44:21,1,2.0
2013-04-19 20:10:27,1,1.0
2013-04-19 20:27:19,1,5.0
2013-04-19 20:44:54,1,4.0
2013-04-19 20:53:27,1,4.0
2013-04-19 21:02:20,1,1.0
2013-04-19 21:07:31,1,39.0
2013-04-19 21:47:31,1,108.0
2013-04-19 23:43:28,1,43.0
2013-04-20 00:42:33,1,1.0
2013-04-20 00:51:35,1,3.0
2013-04-20 00:55:27,1,3.0
2013-04-20 01:07:30,1,8.0
2013-04-20 01:19:46,1,0.0
2013-04-20 01:21:06,1,3.0
2013-04-20 01:44:31,1,1.0
2013-04-20 01:50:02,1,1.0
2013-04-20 01:54:44,1,1.0
2013-04-20 02:16:07,1,1.0
2013-04-20 02:50:13,1,5.0
2013-04-20 03:00:07,1,2.0
2013-04-20 03:05:38,1,2.0
2013-04-20 03:07:49,1,13.0
2013-04-20 03:24:37,1,21.0
2013-04-20 03:49:39,1,7.0
2013-04-20 04:00:53,1,1.0
2013-04-20 04:46:00,1,1.0
2013-04-20 04:51:51,1,1.0
2013-04-20 05:01:05,1,9.0
2013-04-20 06:37:53,1,1.0
2013-04-20 06:44:52,1,1.0
2013-04-20 12:51:59,1,0.0
2013-04-20 12:56:29,1,1.0
2013-04-20 14:09:50,1,15.0
2013-04-20 14:28:39,1,9.0
2013-04-20 14:41:44,1,14.0
2013-04-20 14:59:52,1,7.0
2013-04-20 15:08:06,1,3.0
2013-04-20 15:15:48,1,12.0
2013-04-20 15:35:56,1,2.0
2013-04-20 15:49:48,1,9.0
2013-04-20 16:16:06,1,1.0
2013-04-20 16:17:57,1,3.0
2013-04-20 16:41:02,1,0.0
2013-04-20 16:42:12,1,17.0
2013-04-20 17:28:15,1,1.0
2013-04-20 17:33:37,1,4.0
2013-04-20 17:37:59,1,14.0
2013-04-20 17:55:57,1,8.0
2013-04-20 21:40:44,1,8.0
2013-04-20 21:52:38,1,6.0
2013-04-20 22:02:42,1,41.0
2013-04-21 02:27:57,1,27.0
2013-04-21 02:59:12,1,16.0
2013-04-21 03:20:01,1,72.0
2013-04-21 04:36:15,1,20.0
2013-04-21 05:24:29,1,20.0
2013-04-21 05:49:20,1,4.0
2013-04-21 13:06:10,1,4.0
2013-04-21 13:22:23,1,3.0
2013-04-21 13:37:16,1,5.0
2013-04-21 13:42:29,1,1.0
2013-04-21 13:48:31,1,7.0
2013-04-21 14:00:25,1,1.0
2013-04-21 14:06:07,1,6.0
2013-04-21 14:17:01,1,1.0
2013-04-21 14:22:02,1,2.0
2013-04-21 14:24:13,1,1.0
2013-04-21 14:29:24,1,3.0
2013-04-21 14:36:27,1,5.0
2013-04-21 14:49:00,1,3.0
2013-04-21 14:56:22,1,3.0
2013-04-21 15:11:06,1,3.0
2013-04-21 15:18:18,1,4.0
2013-04-21 15:27:01,1,4.0
2013-04-21 15:36:04,1,1.0
2013-04-21 15:57:17,1,3.0
2013-04-21 16:04:09,1,1.0
2013-04-21 16:13:11,1,15.0
2013-04-21 17:04:03,1,6.0
2013-04-21 17:15:18,1,2.0
2013-04-21 17:21:39,1,1.0
2013-04-21 17:27:31,1,5.0
2013-04-21 17:33:44,1,2.0
2013-04-21 17:43:26,1,7.0
2013-04-21 17:55:10,1,16.0
2013-04-21 18:16:40,1,8.0
2013-04-21 18:25:24,1,5.0
2013-04-21 18:30:37,1,1.0
2013-04-21 18:35:18,1,23.0
2013-04-21 18:58:30,1,3.0
2013-04-21 19:02:32,1,3.0
2013-04-21 19:09:13,1,9.0
2013-04-21 19:23:09,1,9.0
2013-04-21 19:40:35,1,2.0
2013-04-21 19:47:28,1,3.0
2013-04-21 19:50:39,1,1.0
2013-04-21 19:55:40,1,1.0
2013-04-21 20:04:32,1,9.0
2013-04-21 20:22:28,1,1.0
2013-04-21 20:44:52,1,2.0
2013-04-21 21:03:45,1,1.0
2013-04-21 21:48:52,1,4.0
2013-04-21 21:56:24,1,1.0
2013-04-21 22:05:18,1,27.0
2013-04-21 22:36:43,1,12.0
2013-04-21 22:52:29,1,5.0
2013-04-21 22:58:32,1,1.0
2013-04-21 23:03:23,1,32.0
2013-04-21 23:40:39,1,3.0
2013-04-21 23:47:42,1,1.0
2013-04-21 23:52:33,1,1.0
2013-04-22 00:29:30,1,6.0
2013-04-22 00:39:53,1,1.0
2013-04-22 00:45:04,1,17.0
2013-04-22 02:42:58,1,10.0
2013-04-22 03:05:59,1,5.0
2013-04-22 03:15:44,1,3.0
2013-04-22 03:23:56,1,8.0
2013-04-22 03:36:52,1,1.0
2013-04-22 03:42:13,1,11.0
2013-04-22 03:57:09,1,4.0
2013-04-22 04:02:12,1,12.0
2013-04-22 04:17:38,1,7.0
2013-04-22 04:28:52,1,11.0
2013-04-22 04:43:59,1,31.0
2013-04-22 05:19:25,1,7.0
2013-04-22 05:31:10,1,1.0
2013-04-22 13:42:01,1,4.0
2013-04-22 13:58:05,1,3.0
2013-04-22 14:08:37,1,58.0
2013-04-22 15:14:58,1,102.0
2013-04-22 17:08:50,1,6.0
2013-04-22 17:16:04,1,3.0
2013-04-22 17:27:07,1,3.0
2013-04-22 17:38:10,1,3.0
2013-04-22 18:01:14,1,5.0
2013-04-22 18:10:07,1,4.0
2013-04-22 18:18:30,1,11.0
2013-04-22 18:33:16,1,4.0
2013-04-22 18:38:18,1,3.0
2013-04-22 18:45:11,1,7.0
2013-04-22 18:56:15,1,3.0
2013-04-22 19:16:19,1,11.0
2013-04-22 19:31:25,1,9.0
2013-04-22 20:00:22,1,7.0
2013-04-22 20:16:18,1,7.0
2013-04-22 20:27:04,1,3.0
2013-04-22 20:34:36,1,0.0
2013-04-22 20:39:27,1,2.0
2013-04-22 20:45:08,1,3.0
2013-04-22 20:52:30,1,1.0
2013-04-22 21:10:14,1,8.0
2013-04-22 21:26:29,1,4.0
2013-04-22 21:35:12,1,8.0
2013-04-22 21:47:09,1,4.0
2013-04-22 21:55:22,1,3.0
2013-04-22 22:03:25,1,3.0
2013-04-22 22:19:32,1,22.0
2013-04-22 22:46:13,1,10.0
2013-04-22 23:00:19,1,16.0
2013-04-22 23:17:48,1,1.0
2013-04-22 23:23:22,1,21.0
2013-04-22 23:48:13,1,8.0
2013-04-23 00:00:28,1,6.0
2013-04-23 00:06:42,1,3.0
2013-04-23 00:14:34,1,25.0
2013-04-23 00:43:42,1,42.0
2013-04-23 01:26:24,1,0.0
2013-04-23 01:35:45,1,18.0
2013-04-23 01:54:45,1,10.0
2013-04-23 02:09:31,1,8.0
2013-04-23 02:25:36,1,10.0
2013-04-23 02:39:12,1,4.0
2013-04-23 02:51:15,1,5.0
2013-04-23 03:04:29,1,5.0
2013-04-23 03:13:22,1,12.0
2013-04-23 03:29:29,1,11.0
2013-04-23 03:45:26,1,19.0
2013-04-23 04:08:16,1,30.0
2013-04-23 04:39:02,1,43.0
2013-04-23 05:26:04,1,1.0
2013-04-23 05:31:46,1,0.0
2013-04-23 05:44:58,1,2.0
2013-04-23 06:04:02,1,1.0
2013-04-23 16:46:47,1,45.0
2013-04-23 17:35:40,1,12.0
2013-04-23 17:51:47,1,24.0
2013-04-24 00:17:17,1,22.0
2013-04-24 00:55:11,1,32.0
2013-04-24 01:32:38,1,1.0
2013-04-24 01:38:00,1,7.0
2013-04-24 01:53:15,1,14.0
2013-04-24 06:20:35,1,1.0
2013-04-24 16:18:37,1,2.0
2013-04-24 16:25:19,1,1.0
2013-04-24 16:30:40,1,1.0
2013-04-24 16:39:22,1,4.0
2013-04-24 16:52:05,1,22.0
2013-04-24 17:18:17,1,9.0
2013-04-24 17:28:22,1,43.0
2013-04-24 18:16:46,1,16.0
2013-04-24 18:33:45,1,1.0
2013-04-24 18:38:05,1,9.0
2013-04-24 18:59:22,1,3.0
2013-04-24 19:06:14,1,21.0
2013-04-24 19:36:17,1,11.0
2013-04-24 19:59:24,1,24.0
2013-04-24 20:28:47,1,18.0
2013-04-24 20:51:38,1,11.0
2013-04-24 21:03:34,1,10.0
2013-04-24 22:37:42,1,2.0
2013-04-24 22:48:45,1,6.0
2013-04-24 23:06:59,1,6.0
2013-04-24 23:16:43,1,9.0
2013-04-24 23:29:38,1,6.0
2013-04-24 23:39:42,1,1.0
2013-04-24 23:49:04,1,8.0
2013-04-25 00:00:49,1,4.0
2013-04-25 00:09:52,1,6.0
2013-04-25 00:16:06,1,1.0
2013-04-25 00:21:37,1,14.0
2013-04-25 00:43:45,1,9.0
2013-04-25 01:01:01,1,1.0
2013-04-25 01:22:05,1,3.0
2013-04-25 01:33:38,1,13.0
2013-04-25 01:51:06,1,15.0
2013-04-25 02:09:34,1,19.0
2013-04-25 02:28:43,1,5.0
2013-04-25 02:37:46,1,86.0
2013-04-25 04:15:52,1,37.0
2013-04-25 04:57:22,1,15.0
2013-04-25 05:13:21,1,2.0
2013-04-25 05:20:11,1,14.0
2013-04-25 05:35:18,1,57.0
2013-04-25 06:37:18,1,3.0
2013-04-25 06:41:10,1,4.0
2013-04-25 06:46:13,1,6.0
2013-04-25 06:56:07,1,8.0
2013-04-25 07:08:03,1,4.0
2013-04-25 07:17:27,1,2.0
2013-04-25 07:24:18,1,3.0
2013-04-25 07:31:21,1,1.0
2013-04-25 07:36:12,1,2.0
2013-04-25 07:59:27,1,2.0
2013-04-25 08:30:32,1,1.0
2013-04-25 08:56:28,1,1.0
2013-04-25 09:26:33,1,2.0
2013-04-25 09:45:27,1,4.0
2013-04-25 09:54:20,1,3.0
2013-04-25 10:01:33,1,1.0
2013-04-25 10:15:25,1,3.0
2013-04-25 10:23:28,1,3.0
2013-04-25 10:31:40,1,3.0
2013-04-25 10:39:33,1,1.0
2013-04-25 10:57:37,1,2.0
2013-04-25 11:08:40,1,1.0
2013-04-25 11:13:41,1,3.0
2013-04-25 11:21:34,1,3.0
2013-04-25 11:33:37,1,2.0
2013-04-25 12:20:45,1,2.0
2013-04-25 12:35:49,1,2.0
2013-04-25 12:41:41,1,2.0
2013-04-25 12:48:33,1,3.0
2013-04-25 12:59:46,1,2.0
2013-04-25 13:09:49,1,3.0
2013-04-25 13:20:51,1,2.0
2013-04-25 13:26:43,1,3.0
2013-04-25 13:33:45,1,3.0
2013-04-25 13:52:59,1,2.0
2013-04-25 14:11:43,1,2.0
2013-04-25 14:18:45,1,3.0
2013-04-25 14:26:48,1,2.0
2013-04-25 14:32:40,1,3.0
2013-04-25 14:40:43,1,2.0
2013-04-25 16:55:43,1,39.0
2013-04-25 17:38:53,1,16.0
2013-04-25 17:58:53,1,24.0
2013-04-25 18:30:46,1,5.0
2013-04-25 18:44:10,1,13.0
2013-04-25 19:02:08,1,11.0
2013-04-25 19:14:04,1,1.0
2013-04-25 19:23:16,1,2.0
2013-04-25 19:36:59,1,3.0
2013-04-25 19:41:23,1,3.0
2013-04-25 19:49:05,1,17.0
2013-04-25 20:09:55,1,6.0
2013-04-25 20:20:19,1,3.0
2013-04-25 20:48:04,1,1.0
2013-04-25 21:29:00,1,23.0
2013-04-25 21:55:52,1,7.0
2013-04-25 22:10:57,1,9.0
2013-04-25 22:24:01,1,6.0
2013-04-25 22:34:25,1,13.0
2013-04-25 23:03:24,1,12.0
2013-04-25 23:20:01,1,51.0
2013-04-26 00:14:58,1,8.0
2013-04-26 00:27:33,1,18.0
2013-04-26 00:46:14,1,30.0
2013-04-26 01:20:09,1,17.0
2013-04-26 01:41:08,1,10.0
2013-04-26 01:59:34,1,95.0
2013-04-26 03:54:12,1,13.0
2013-04-26 04:08:19,1,4.0
2013-04-26 04:12:31,1,1.0
2013-04-26 04:37:15,1,1.0
2013-04-26 05:06:29,1,1.0
2013-04-26 05:11:40,1,1.0
2013-04-26 05:17:22,1,3.0
2013-04-26 05:32:45,1,1.0
2013-04-26 05:41:37,1,1.0
2013-04-26 05:50:49,1,0.0
2013-04-26 05:51:59,1,22.0
2013-04-26 06:18:41,1,2.0
2013-04-26 10:34:09,1,1.0
2013-04-26 10:40:11,1,2.0
2013-04-26 11:35:10,1,2.0
2013-04-26 12:18:07,1,2.0
2013-04-26 12:24:09,1,1.0
2013-04-26 12:29:10,1,2.0
2013-04-26 12:35:11,1,1.0
2013-04-26 13:08:39,1,1.0
2013-04-26 13:57:55,1,3.0
2013-04-26 14:04:47,1,44.0
2013-04-26 15:21:12,1,8.0
2013-04-26 15:30:17,1,26.0
2013-04-26 16:00:50,1,15.0
2013-04-26 16:19:58,1,26.0
2013-04-26 16:50:22,1,3.0
2013-04-26 17:17:37,1,1.0
2013-04-26 17:23:18,1,11.0
2013-04-26 17:39:25,1,2.0
2013-04-26 17:54:18,1,28.0
2013-04-26 18:03:22,1,28.0
2013-04-26 18:30:34,1,1.0
2013-04-26 18:36:16,1,25.0
2013-04-26 19:05:39,1,2.0
2013-04-26 19:11:21,1,3.0
2013-04-26 19:15:33,1,4.0
2013-04-26 19:24:06,1,14.0
2013-04-26 19:59:26,1,5.0
2013-04-26 20:08:30,1,9.0
2013-04-26 20:18:25,1,6.0
2013-04-26 20:24:48,1,4.0
2013-04-26 20:33:21,1,3.0
2013-04-26 20:40:24,1,0.0
2013-04-26 20:45:15,1,1.0
2013-04-26 20:50:26,1,15.0
2013-04-26 21:13:15,1,3.0
2013-04-26 21:17:27,1,5.0
2013-04-26 21:27:41,1,3.0
2013-04-26 21:43:24,1,15.0
2013-04-26 22:38:38,1,10.0
2013-04-26 22:52:33,1,3.0
2013-04-26 23:16:38,1,2.0
2013-04-26 23:22:30,1,4.0
2013-04-26 23:34:53,1,21.0
2013-04-26 23:59:34,1,27.0
2013-04-27 00:30:39,1,15.0
2013-04-27 00:54:28,1,7.0
2013-04-27 01:05:32,1,3.0
2013-04-27 01:13:45,1,4.0
2013-04-27 01:22:02,1,32.0
2013-04-27 01:55:10,1,23.0
2013-04-27 02:22:33,1,4.0
2013-04-27 02:38:57,1,26.0
2013-04-27 03:08:48,1,5.0
2013-04-27 03:15:01,1,1.0
2013-04-27 03:32:14,1,16.0
2013-04-27 03:51:52,1,1.0
2013-04-27 04:04:54,1,2.0
2013-04-27 04:14:57,1,24.0
2013-04-27 04:42:39,1,8.0
2013-04-27 04:54:54,1,3.0
2013-04-27 05:13:48,1,2.0
2013-04-27 05:21:02,1,9.0
2013-04-27 05:34:27,1,3.0
2013-04-27 05:42:09,1,1.0
2013-04-27 06:20:26,1,1.0
2013-04-27 07:05:13,1,1.0
2013-04-27 08:54:41,1,1.0
2013-04-27 10:59:43,1,2.0
2013-04-27 11:06:45,1,1.0
2013-04-27 11:11:36,1,1.0
2013-04-27 11:16:47,1,1.0
2013-04-27 11:26:39,1,2.0
2013-04-27 11:32:51,1,2.0
2013-04-27 11:39:33,1,2.0
2013-04-27 11:46:35,1,3.0
2013-04-27 12:06:50,1,2.0
2013-04-27 12:21:33,1,3.0
2013-04-27 12:28:35,1,1.0
2013-04-27 12:38:38,1,3.0
2013-04-27 12:46:45,1,3.0
2013-04-27 12:57:58,1,2.0
2013-04-27 13:04:50,1,2.0
2013-04-27 13:11:42,1,1.0
2013-04-27 13:24:48,1,1.0
2013-04-27 13:42:51,1,2.0
2013-04-27 13:52:43,1,1.0
2013-04-27 14:09:37,1,16.0
2013-04-27 14:41:40,1,2.0
2013-04-27 14:51:52,1,1.0
2013-04-27 15:00:34,1,16.0
2013-04-27 15:20:42,1,8.0
2013-04-27 15:33:37,1,25.0
2013-04-27 15:59:00,1,15.0
2013-04-27 16:14:58,1,8.0
2013-04-27 16:26:52,1,13.0
2013-04-27 16:40:49,1,44.0
2013-04-27 17:28:41,1,12.0
2013-04-27 17:48:39,1,3.0
2013-04-27 17:59:52,1,5.0
2013-04-27 18:09:55,1,5.0
2013-04-27 18:18:38,1,12.0
2013-04-27 18:34:45,1,3.0
2013-04-27 19:02:00,1,13.0
2013-04-27 19:23:48,1,1.0
2013-04-27 19:29:19,1,11.0
2013-04-27 19:44:56,1,15.0
2013-04-27 20:08:14,1,5.0
2013-04-27 20:17:17,1,3.0
2013-04-27 20:27:50,1,6.0
2013-04-27 20:54:06,1,2.0
2013-04-27 21:00:08,1,5.0
2013-04-27 21:09:11,1,1.0
2013-04-27 21:19:03,1,2.0
2013-04-27 21:24:54,1,10.0
2013-04-27 21:39:10,1,14.0
2013-04-27 21:54:10,1,0.0
2013-04-27 21:59:02,1,5.0
2013-04-27 22:07:55,1,58.0
2013-04-27 23:10:05,1,3.0
2013-04-27 23:21:28,1,0.0
2013-04-27 23:54:24,1,1.0
2013-04-28 00:07:16,1,1.0
2013-04-28 00:41:21,1,2.0
2013-04-28 00:43:43,1,1.0
2013-04-28 01:12:08,1,7.0
2013-04-28 01:23:12,1,26.0
2013-04-28 01:53:36,1,14.0
2013-04-28 02:08:43,1,7.0
2013-04-28 02:20:08,1,27.0
2013-04-28 02:51:43,1,3.0
2013-04-28 03:02:26,1,16.0
2013-04-28 03:23:25,1,4.0
2013-04-28 03:28:27,1,12.0
2013-04-28 03:56:36,1,16.0
2013-04-28 04:16:35,1,6.0
2013-04-28 04:23:49,1,33.0
2013-04-28 04:57:36,1,3.0
2013-04-28 05:25:53,1,6.0
2013-04-28 07:47:46,1,1.0
2013-04-28 17:20:17,1,1.0
2013-04-28 17:41:21,1,6.0
2013-04-28 17:47:51,1,9.0
2013-04-28 17:58:00,1,11.0
2013-04-28 18:13:57,1,21.0
2013-04-28 18:38:45,1,9.0
2013-04-28 18:51:40,1,12.0
2013-04-28 19:04:07,1,1.0
2013-04-28 19:08:38,1,17.0
2013-04-28 19:29:57,1,51.0
2013-04-28 19:34:02,1,51.0
2013-04-28 20:25:40,1,66.0
2013-04-28 21:35:54,1,22.0
2013-04-28 21:44:49,1,22.0
2013-04-28 22:01:36,1,20.0
2013-04-28 22:25:46,1,14.0
2013-04-28 22:44:45,1,15.0
2013-04-28 23:04:03,1,26.0
2013-04-28 23:34:47,1,18.0
2013-04-28 23:56:47,1,12.0
2013-04-29 00:09:03,1,1.0
2013-04-29 00:15:05,1,19.0
2013-04-29 00:38:05,1,23.0
2013-04-29 01:50:06,1,2.0
2013-04-29 05:50:08,1,18.0
2013-04-30 05:58:15,1,18.0
2013-05-02 21:00:23,1,18.0
2013-05-02 21:23:03,1,16.0
2013-05-03 01:03:35,1,2.0
2013-05-03 01:10:37,1,109.0
2013-05-03 03:03:53,1,13.0
2013-05-03 03:17:40,1,1.0
2013-05-03 03:26:52,1,23.0
2013-05-03 03:54:55,1,22.0
2013-05-03 04:20:47,1,10.0
2013-05-03 04:35:32,1,6.0
2013-05-03 04:42:26,1,2.0
2013-05-03 04:52:48,1,2.0
2013-05-03 04:58:40,1,3.0
2013-05-03 05:05:52,1,0.0
2013-05-03 05:10:53,1,2.0
2013-05-03 05:16:24,1,2.0
2013-05-03 05:22:26,1,4.0
2013-05-03 05:34:30,1,14.0
2013-05-03 06:01:38,1,5.0
2013-05-03 06:07:41,1,1.0
2013-05-03 06:12:53,1,2.0
2013-05-03 06:23:35,1,3.0
2013-05-03 06:30:38,1,3.0
2013-05-03 06:37:50,1,3.0
2013-05-03 06:45:43,1,3.0
2013-05-03 07:21:59,1,0.0
2013-05-03 07:27:10,1,3.0
2013-05-03 07:46:04,1,2.0
2013-05-03 09:52:15,1,1.0
2013-05-03 12:21:39,1,4.0
2013-05-03 12:30:42,1,2.0
2013-05-03 12:37:34,1,3.0
2013-05-03 14:56:15,1,9.0
2013-05-03 15:09:51,1,68.0
2013-05-03 16:26:27,1,6.0
2013-05-03 17:00:47,1,4.0
2013-05-03 17:17:31,1,4.0
2013-05-03 17:25:44,1,4.0
2013-05-03 17:30:57,1,1.0
2013-05-03 17:35:38,1,3.0
2013-05-03 17:47:51,1,4.0
2013-05-03 17:56:34,1,5.0
2013-05-03 18:09:58,1,1.0
2013-05-03 18:19:00,1,2.0
2013-05-03 18:36:33,1,21.0
2013-05-03 19:05:35,1,11.0
2013-05-03 19:29:53,1,26.0
2013-05-03 20:00:57,1,3.0
2013-05-03 20:16:01,1,2.0
2013-05-03 20:30:54,1,9.0
2013-05-03 20:52:10,1,1.0
2013-05-03 21:10:14,1,14.0
2013-05-03 21:28:52,1,8.0
2013-05-03 21:40:37,1,47.0
2013-05-03 22:31:42,1,25.0
2013-05-03 23:00:45,1,22.0
2013-05-03 23:26:37,1,42.0
2013-05-04 00:12:49,1,2.0
2013-05-04 00:15:50,1,12.0
2013-05-04 00:33:18,1,53.0
2013-05-04 01:29:44,1,1.0
2013-05-04 01:35:05,1,26.0
2013-05-04 02:05:50,1,24.0
2013-05-04 02:34:03,1,13.0
2013-05-04 02:51:10,1,73.0
2013-05-04 04:09:00,1,5.0
2013-05-04 04:17:53,1,2.0
2013-05-04 04:24:15,1,52.0
2013-05-04 08:45:38,1,3.0
2013-05-04 08:52:30,1,5.0
2013-05-04 09:01:23,1,3.0
2013-05-04 09:12:46,1,1.0
2013-05-04 09:22:28,1,3.0
2013-05-04 09:29:51,1,2.0
2013-05-04 09:40:54,1,3.0
2013-05-04 09:59:48,1,1.0
2013-05-04 10:33:54,1,1.0
2013-05-04 10:38:45,1,2.0
2013-05-04 11:20:43,1,2.0
2013-05-04 11:26:44,1,4.0
2013-05-04 11:34:47,1,4.0
2013-05-04 11:44:10,1,3.0
2013-05-04 11:52:03,1,3.0
2013-05-04 11:58:55,1,3.0
2013-05-04 12:11:08,1,2.0
2013-05-04 12:18:11,1,1.0
2013-05-04 12:24:12,1,1.0
2013-05-04 13:24:42,1,4.0
2013-05-04 13:29:14,1,9.0
2013-05-04 13:47:01,1,1.0
2013-05-07 05:04:20,1,39.0
2013-05-07 21:36:29,1,39.0
2013-05-07 22:19:31,1,2.0
2013-05-07 22:29:53,1,27.0
2013-05-07 23:05:52,1,23.0
2013-05-07 23:52:58,1,2.0
2013-05-08 00:06:40,1,21.0
2013-05-08 00:31:41,1,2.0
2013-05-08 00:57:36,1,7.0
2013-05-08 01:08:41,1,74.0
2013-05-08 02:43:03,1,4.0
2013-05-08 02:50:55,1,17.0
2013-05-08 03:11:55,1,13.0
2013-05-08 04:06:18,1,2.0
2013-05-08 04:29:33,1,2.0
2013-05-08 06:59:21,1,1.0
2013-05-08 07:20:25,1,1.0
2013-05-08 07:33:37,1,0.0
2013-05-08 08:14:45,1,1.0
2013-05-08 09:33:03,1,1.0
2013-05-08 10:23:01,1,0.0
2013-05-08 10:52:16,1,1.0
2013-05-08 15:14:12,1,3.0
2013-05-08 15:21:34,1,42.0
2013-05-08 16:07:16,1,16.0
2013-05-08 16:49:15,1,5.0
2013-05-08 16:58:09,1,27.0
2013-05-08 17:25:58,1,38.0
2013-05-08 18:08:07,1,20.0
2013-05-08 18:36:42,1,10.0
2013-05-08 18:51:38,1,4.0
2013-05-08 19:08:22,1,35.0
2013-05-08 19:44:51,1,16.0
2013-05-08 20:05:20,1,34.0
2013-05-08 20:43:18,1,14.0
2013-05-08 21:01:16,1,13.0
2013-05-08 21:22:54,1,7.0
2013-05-08 21:34:38,1,7.0
2013-05-08 21:45:32,1,1.0
2013-05-08 21:47:13,1,4.0
2013-05-08 22:11:18,1,6.0
2013-05-08 22:25:33,1,41.0
2013-05-08 23:06:47,1,21.0
2013-05-08 23:27:47,1,10.0
2013-05-08 23:41:33,1,95.0
2013-05-09 02:00:32,1,33.0
2013-05-09 02:37:40,1,46.0
2013-05-09 03:27:44,1,5.0
2013-05-09 03:36:47,1,14.0
2013-05-09 03:54:45,1,20.0
2013-05-09 04:18:45,1,66.0
2013-05-09 05:28:44,1,52.0
2013-05-09 06:24:41,1,33.0
2013-05-09 07:01:48,1,6.0
2013-05-09 07:11:53,1,6.0
2013-05-09 07:21:46,1,7.0
2013-05-09 07:32:50,1,12.0
2013-05-09 07:48:47,1,10.0
2013-05-09 08:02:53,1,11.0
2013-05-09 08:17:49,1,5.0
2013-05-09 08:23:22,1,4.0
2013-05-09 08:31:05,1,11.0
2013-05-09 08:45:51,1,11.0
2013-05-09 09:01:57,1,12.0
2013-05-09 09:18:04,1,20.0
2013-05-09 09:41:55,1,10.0
2013-05-09 09:56:01,1,10.0
2013-05-09 10:09:56,1,9.0
2013-05-09 10:23:01,1,9.0
2013-05-09 10:36:08,1,13.0
2013-05-09 10:53:09,1,15.0
2013-05-09 11:12:07,1,11.0
2013-05-09 11:28:04,1,27.0
2013-05-09 12:00:11,1,10.0
2013-05-09 12:14:02,1,22.0
2013-05-09 12:40:09,1,13.0
2013-05-09 12:54:36,1,2.0
2013-05-09 13:01:08,1,12.0
2013-05-09 13:17:15,1,2.0
2013-05-09 13:28:35,1,3.0
2013-05-09 13:35:37,1,2.0
2013-05-09 13:41:28,1,3.0
2013-05-09 13:48:30,1,4.0
2013-05-09 13:56:43,1,2.0
2013-05-09 14:03:25,1,3.0
2013-05-09 14:10:48,1,1.0
2013-05-09 16:24:55,1,3.0
2013-05-09 17:00:54,1,1.0
2013-05-09 17:10:56,1,3.0
2013-05-09 17:26:50,1,14.0
2013-05-09 17:44:27,1,19.0
2013-05-09 18:08:48,1,5.0
2013-05-09 18:22:32,1,4.0
2013-05-09 18:30:35,1,8.0
2013-05-09 18:42:40,1,8.0
2013-05-09 19:07:26,1,15.0
2013-05-09 19:26:34,1,24.0
2013-05-09 20:14:50,1,2.0
2013-05-09 20:33:04,1,14.0
2013-05-09 20:59:43,1,4.0
2013-05-09 21:08:46,1,14.0
2013-05-09 22:16:21,1,4.0
2013-05-09 22:45:07,1,8.0
2013-05-09 23:02:12,1,26.0
2013-05-09 23:31:46,1,7.0
2013-05-09 23:43:00,1,4.0
2013-05-09 23:55:13,1,1.0
2013-05-10 00:07:55,1,14.0
2013-05-10 00:26:23,1,8.0
2013-05-10 00:37:58,1,24.0
2013-05-10 01:06:00,1,5.0
2013-05-10 01:15:24,1,1.0
2013-05-10 01:49:20,1,4.0
2013-05-10 01:54:32,1,3.0
2013-05-10 02:10:06,1,6.0
2013-05-10 06:12:47,1,2.0
2013-05-10 06:50:45,1,1.0
2013-05-10 07:32:01,1,1.0
2013-05-10 09:37:01,1,1.0
2013-05-10 09:51:04,1,1.0
2013-05-10 12:04:26,1,2.0
2013-05-10 12:14:29,1,1.0
2013-05-10 12:20:30,1,1.0
2013-05-10 12:30:34,1,0.0
2013-05-10 14:03:45,1,1.0
2013-05-10 14:08:46,1,2.0
2013-05-10 14:26:39,1,1.0
2013-05-10 14:56:19,1,4.0
2013-05-10 15:13:13,1,32.0
2013-05-10 15:49:20,1,47.0
2013-05-10 16:40:24,1,8.0
2013-05-10 17:08:33,1,8.0
2013-05-10 17:21:39,1,33.0
2013-05-10 17:59:16,1,1.0
2013-05-10 18:04:27,1,1.0
2013-05-10 18:25:41,1,1.0
2013-05-10 18:34:43,1,2.0
2013-05-10 18:40:34,1,7.0
2013-05-10 18:48:59,1,5.0
2013-05-10 18:58:52,1,5.0
2013-05-10 19:08:45,1,109.0
2013-05-10 21:02:39,1,31.0
2013-05-10 21:53:44,1,0.0
2013-05-10 22:02:57,1,6.0
2013-05-10 22:13:10,1,7.0
2013-05-10 22:24:45,1,7.0
2013-05-10 22:35:38,1,16.0
2013-05-10 23:03:50,1,3.0
2013-05-10 23:10:42,1,1.0
2013-05-10 23:16:04,1,8.0
2013-05-10 23:31:59,1,11.0
2013-05-10 23:44:15,1,2.0
2013-05-10 23:54:08,1,8.0
2013-05-11 00:07:03,1,29.0
2013-05-11 00:41:00,1,1.0
2013-05-11 00:50:11,1,1.0
2013-05-11 00:59:13,1,1.0
2013-05-11 01:15:46,1,1.0
2013-05-11 01:21:47,1,2.0
2013-05-11 01:27:49,1,27.0
2013-05-11 01:58:53,1,7.0
2013-05-11 02:09:48,1,31.0
2013-05-11 02:44:58,1,10.0
2013-05-11 02:59:14,1,6.0
2013-05-11 03:09:28,1,4.0
2013-05-11 03:14:20,1,6.0
2013-05-11 03:25:15,1,12.0
2013-05-11 03:38:21,1,40.0
2013-05-11 04:19:32,1,40.0
2013-05-11 05:03:53,1,40.0
2013-05-11 05:51:54,1,21.0
2013-05-11 06:16:56,1,8.0
2013-05-11 06:33:33,1,23.0
2013-05-11 06:57:38,1,18.0
2013-05-11 07:16:37,1,6.0
2013-05-11 07:27:32,1,2.0
2013-05-11 07:33:03,1,41.0
2013-05-11 08:15:07,1,12.0
2013-05-11 08:35:35,1,22.0
2013-05-11 09:01:08,1,2.0
2013-05-11 09:07:10,1,1.0
2013-05-11 09:08:41,1,1.0
2013-05-11 13:14:41,1,10.0
2013-05-11 13:28:39,1,4.0
2013-05-11 13:36:41,1,5.0
2013-05-11 13:46:56,1,4.0
2013-05-11 13:55:09,1,16.0
2013-05-11 14:15:49,1,4.0
2013-05-11 14:24:42,1,4.0
2013-05-11 14:32:55,1,4.0
2013-05-11 14:40:58,1,7.0
2013-05-11 14:52:12,1,5.0
2013-05-11 15:02:06,1,7.0
2013-05-11 15:14:00,1,8.0
2013-05-11 15:25:59,1,2.0
2013-05-11 15:37:11,1,1.0
2013-05-11 15:39:12,1,1.0
2013-05-11 15:45:14,1,3.0
2013-05-11 15:53:07,1,4.0
2013-05-11 16:01:19,1,4.0
2013-05-11 16:10:12,1,2.0
2013-05-11 16:56:50,1,6.0
2013-05-11 17:07:24,1,2.0
2013-05-11 17:21:07,1,1.0
2013-05-11 17:34:01,1,10.0
2013-05-11 17:47:36,1,1.0
2013-05-11 18:01:09,1,2.0
2013-05-11 18:23:03,1,15.0
2013-05-11 18:39:01,1,1.0
2013-05-11 18:44:22,1,13.0
2013-05-11 19:01:49,1,20.0
2013-05-11 19:25:50,1,35.0
2013-05-11 20:05:10,1,13.0
2013-05-11 20:19:27,1,19.0
2013-05-11 20:51:19,1,2.0
2013-05-11 20:58:31,1,8.0
2013-05-11 21:18:57,1,6.0
2013-05-11 21:36:51,1,53.0
2013-05-11 22:38:13,1,10.0
2013-05-11 22:52:19,1,1.0
2013-05-11 22:57:00,1,3.0
2013-05-11 23:16:04,1,18.0
2013-05-11 23:46:33,1,3.0
2013-05-11 23:53:25,1,2.0
2013-05-11 23:59:37,1,1.0
2013-05-12 00:12:19,1,13.0
2013-05-12 00:30:19,1,5.0
2013-05-12 00:51:34,1,1.0
2013-05-12 14:02:29,1,14.0
2013-05-12 14:20:36,1,22.0
2013-05-12 14:46:49,1,17.0
2013-05-12 15:08:58,1,6.0
2013-05-12 15:18:52,1,2.0
2013-05-12 15:21:53,1,21.0
2013-05-12 15:43:34,1,10.0
2013-05-12 15:54:40,1,1.0
2013-05-12 15:59:31,1,2.0
2013-05-12 16:06:03,1,2.0
2013-05-12 16:12:55,1,1.0
2013-05-12 16:22:57,1,3.0
2013-05-12 16:29:39,1,78.0
2013-05-12 17:51:41,1,25.0
2013-05-12 18:21:45,1,1.0
2013-05-12 18:26:36,1,24.0
2013-05-12 18:55:40,1,10.0
2013-05-12 19:14:41,1,25.0
2013-05-12 19:40:44,1,2.0
2013-05-12 19:50:42,1,7.0
2013-05-12 20:02:47,1,2.0
2013-05-12 20:16:49,1,86.0
2013-05-12 21:47:04,1,57.0
2013-05-12 22:47:44,1,2.0
2013-05-12 23:02:17,1,7.0
2013-05-12 23:10:21,1,15.0
2013-05-12 23:30:19,1,6.0
2013-05-12 23:40:03,1,4.0
2013-05-12 23:48:56,1,3.0
2013-05-12 23:55:48,1,1.0
2013-05-13 00:01:29,1,0.0
2013-05-13 00:22:03,1,5.0
2013-05-13 00:31:06,1,2.0
2013-05-13 00:41:18,1,1.0
2013-05-13 01:02:01,1,18.0
2013-05-13 01:24:11,1,26.0
2013-05-13 01:50:35,1,40.0
2013-05-13 02:30:55,1,10.0
2013-05-13 02:41:41,1,23.0
2013-05-13 03:13:25,1,2.0
2013-05-13 03:20:38,1,2.0
2013-05-13 03:31:30,1,3.0
2013-05-13 03:47:04,1,5.0
2013-05-13 03:52:37,1,16.0
2013-05-13 04:12:36,1,1.0
2013-05-13 04:17:16,1,8.0
2013-05-13 04:33:22,1,1.0
2013-05-13 05:07:17,1,26.0
2013-05-13 05:37:21,1,30.0
2013-05-13 06:11:17,1,4.0
2013-05-13 06:19:30,1,17.0
2013-05-13 06:40:49,1,22.0
2013-05-13 17:03:13,1,1.0
2013-05-13 17:08:35,1,1.0
2013-05-13 17:34:40,1,15.0
2013-05-13 17:54:19,1,11.0
2013-05-13 18:13:26,1,20.0
2013-05-13 18:38:17,1,11.0
2013-05-13 18:53:34,1,3.0
2013-05-13 19:01:46,1,3.0
2013-05-13 19:09:18,1,10.0
2013-05-13 19:44:48,1,2.0
2013-05-13 19:51:30,1,2.0
2013-05-13 19:57:51,1,7.0
2013-05-13 20:09:16,1,7.0
2013-05-13 20:21:01,1,2.0
2013-05-13 20:23:32,1,2.0
2013-05-13 20:30:34,1,13.0
2013-05-13 20:51:52,1,2.0
2013-05-13 21:14:37,1,11.0
2013-05-13 21:29:33,1,8.0
2013-05-13 21:41:28,1,6.0
2013-05-13 22:12:05,1,6.0
2013-05-13 22:22:39,1,18.0
2013-05-13 22:48:29,1,6.0
2013-05-13 23:02:43,1,33.0
2013-05-13 23:45:12,1,2.0
2013-05-14 00:00:06,1,0.0
2013-05-14 00:04:37,1,8.0
2013-05-14 00:16:42,1,160.0
2013-05-14 03:01:53,1,41.0
2013-05-14 03:50:56,1,6.0
2013-05-14 04:09:21,1,5.0
2013-05-14 04:26:55,1,18.0
2013-05-14 04:49:05,1,18.0
2013-05-14 05:11:07,1,14.0
2013-05-14 05:30:25,1,6.0
2013-05-14 16:02:03,1,30.0
2013-05-14 16:32:29,1,8.0
2013-05-14 16:45:03,1,6.0
2013-05-14 16:55:07,1,18.0
2013-05-14 17:42:20,1,1.0
2013-05-14 17:47:12,1,24.0
2013-05-14 18:20:16,1,13.0
2013-05-14 18:38:14,1,12.0
2013-05-14 19:02:12,1,1.0
2013-05-14 19:19:15,1,2.0
2013-05-14 19:34:38,1,2.0
2013-05-14 19:45:11,1,5.0
2013-05-14 19:54:14,1,2.0
2013-05-14 20:17:19,1,4.0
2013-05-14 20:30:12,1,29.0
2013-05-14 21:03:08,1,8.0
2013-05-14 21:15:33,1,14.0
2013-05-14 21:30:30,1,10.0
2013-05-14 21:44:26,1,40.0
2013-05-14 22:28:18,1,75.0
2013-05-15 00:19:15,1,59.0
2013-05-15 01:22:26,1,20.0
2013-05-15 01:46:27,1,102.0
2013-05-15 03:32:22,1,7.0
2013-05-15 03:43:36,1,38.0
2013-05-15 05:21:56,1,51.0
2013-05-15 06:17:12,1,1.0
2013-05-15 14:02:34,1,4.0
2013-05-15 14:07:47,1,5.0
2013-05-15 14:21:51,1,5.0
2013-05-15 14:35:05,1,1.0
2013-05-15 15:12:53,1,3.0
2013-05-15 15:19:35,1,4.0
2013-05-15 15:27:40,1,10.0
2013-05-15 15:49:37,1,24.0
2013-05-15 16:14:50,1,4.0
2013-05-15 16:22:53,1,0.0
2013-05-15 16:27:44,1,9.0
2013-05-15 16:37:18,1,7.0
2013-05-15 16:48:32,1,29.0
2013-05-15 17:21:38,1,45.0
2013-05-15 21:14:59,1,41.0
2013-05-15 22:00:00,1,61.0
2013-05-15 23:04:56,1,19.0
2013-05-15 23:27:57,1,29.0
2013-05-16 00:09:16,1,25.0
2013-05-16 00:39:10,1,7.0
2013-05-16 00:51:35,1,2.0
2013-05-16 01:01:57,1,16.0
2013-05-16 01:22:06,1,22.0
2013-05-16 01:48:17,1,1.0
2013-05-16 01:57:39,1,121.0
2013-05-16 04:03:19,1,16.0
2013-05-16 04:24:49,1,1.0
2013-05-16 04:30:11,1,11.0
2013-05-16 04:45:27,1,41.0
2013-05-16 05:27:28,1,10.0
2013-05-16 05:45:14,1,46.0
2013-05-16 06:47:30,1,5.0
2013-05-16 06:53:44,1,2.0
2013-05-16 06:59:25,1,3.0
2013-05-16 07:07:38,1,2.0
2013-05-16 07:14:30,1,4.0
2013-05-16 07:22:32,1,3.0
2013-05-16 07:29:44,1,3.0
2013-05-16 07:36:36,1,4.0
2013-05-16 07:44:39,1,4.0
2013-05-16 07:52:52,1,2.0
2013-05-16 07:59:34,1,3.0
2013-05-16 08:07:46,1,4.0
2013-05-16 08:15:29,1,3.0
2013-05-16 08:22:41,1,6.0
2013-05-16 08:29:45,1,4.0
2013-05-16 08:37:48,1,4.0
2013-05-16 08:45:40,1,5.0
2013-05-16 08:55:44,1,4.0
2013-05-16 09:04:47,1,3.0
2013-05-16 09:12:40,1,3.0
2013-05-16 09:20:43,1,2.0
2013-05-16 09:26:55,1,1.0
2013-05-16 09:32:36,1,2.0
2013-05-16 09:38:58,1,2.0
2013-05-16 09:45:40,1,3.0
2013-05-16 09:52:42,1,2.0
2013-05-16 09:59:44,1,2.0
2013-05-16 10:05:46,1,3.0
2013-05-16 10:12:58,1,12.0
2013-05-16 10:29:58,1,2.0
2013-05-16 10:36:50,1,4.0
2013-05-16 10:44:43,1,1.0
2013-05-16 10:58:55,1,3.0
2013-05-16 11:05:47,1,2.0
2013-05-16 11:11:59,1,3.0
2013-05-16 11:23:02,1,1.0
2013-05-16 11:28:53,1,4.0
2013-05-16 11:36:56,1,4.0
2013-05-16 11:44:59,1,3.0
2013-05-16 11:52:41,1,4.0
2013-05-16 12:00:54,1,3.0
2013-05-16 12:07:56,1,3.0
2013-05-16 12:14:59,1,2.0
2013-05-16 12:21:00,1,4.0
2013-05-16 12:29:13,1,3.0
2013-05-16 12:36:56,1,3.0
2013-05-16 12:43:48,1,3.0
2013-05-16 12:50:50,1,3.0
2013-05-16 12:58:02,1,2.0
2013-05-16 13:04:54,1,3.0
2013-05-16 13:12:57,1,5.0
2013-05-16 13:22:00,1,4.0
2013-05-16 13:30:02,1,4.0
2013-05-16 13:37:55,1,3.0
2013-05-16 16:29:26,1,18.0
2013-05-16 16:52:35,1,22.0
2013-05-16 17:15:36,1,5.0
2013-05-16 17:29:20,1,7.0
2013-05-16 17:53:07,1,2.0
2013-05-16 17:59:00,1,11.0
2013-05-16 18:23:38,1,2.0
2013-05-16 18:46:22,1,41.0
2013-05-16 19:31:43,1,4.0
2013-05-16 19:52:18,1,2.0
2013-05-16 19:58:10,1,17.0
2013-05-16 20:20:29,1,6.0
2013-05-16 20:30:23,1,9.0
2013-05-16 20:39:48,1,20.0
2013-05-16 21:04:49,1,2.0
2013-05-16 21:11:41,1,2.0
2013-05-16 21:14:42,1,6.0
2013-05-16 21:57:51,1,2.0
2013-05-16 22:08:23,1,9.0
2013-05-16 22:21:29,1,14.0
2013-05-16 22:39:26,1,3.0
2013-05-16 22:46:48,1,20.0
2013-05-16 23:10:39,1,16.0
2013-05-16 23:30:38,1,15.0
2013-05-16 23:49:37,1,8.0
2013-05-17 03:09:51,1,4.0
2013-05-17 03:18:14,1,3.0
2013-05-17 03:24:46,1,3.0
2013-05-17 03:44:00,1,19.0
2013-05-17 04:06:40,1,2.0
2013-05-17 04:13:12,1,15.0
2013-05-17 04:48:53,1,51.0
2013-05-17 05:43:50,1,64.0
2013-05-17 06:56:14,1,3.0
2013-05-17 07:07:26,1,1.0
2013-05-17 07:41:32,1,1.0
2013-05-17 08:06:26,1,2.0
2013-05-17 08:12:38,1,1.0
2013-05-17 08:17:39,1,1.0
2013-05-17 08:23:41,1,1.0
2013-05-17 08:37:14,1,1.0
2013-05-17 08:42:15,1,1.0
2013-05-17 08:51:27,1,1.0
2013-05-17 08:53:07,1,1.0
2013-05-17 09:06:20,1,1.0
2013-05-17 09:11:41,1,2.0
2013-05-17 09:17:43,1,0.0
2013-05-17 09:22:14,1,1.0
2013-05-17 09:35:36,1,1.0
2013-05-17 17:08:51,1,1.0
2013-05-17 17:10:11,1,9.0
2013-05-17 17:31:08,1,12.0
2013-05-17 17:47:04,1,5.0
2013-05-17 18:17:21,1,16.0
2013-05-17 18:42:20,1,1.0
2013-05-17 19:03:24,1,1.0
2013-05-17 19:16:57,1,4.0
2013-05-17 19:29:12,1,19.0
2013-05-17 19:49:02,1,5.0
2013-05-17 20:02:27,1,1.0
2013-05-17 20:07:58,1,28.0
2013-05-17 20:40:16,1,8.0
2013-05-17 20:53:01,1,27.0
2013-05-17 21:25:27,1,26.0
2013-05-17 21:56:11,1,3.0
2013-05-17 22:07:03,1,2.0
2013-05-17 22:25:27,1,12.0
2013-05-17 22:41:03,1,3.0
2013-05-17 22:48:06,1,17.0
2013-05-17 23:09:25,1,32.0
2013-05-17 23:45:42,1,50.0
2013-05-18 00:36:48,1,1.0
2013-05-18 00:41:08,1,4.0
2013-05-18 00:45:31,1,3.0
2013-05-18 00:52:12,1,43.0
2013-05-18 01:39:15,1,73.0
2013-05-18 02:56:43,1,30.0
2013-05-18 03:38:40,1,49.0
2013-05-18 04:32:17,1,9.0
2013-05-18 04:57:54,1,11.0
2013-05-18 05:09:51,1,2.0
2013-05-18 05:12:52,1,1.0
2013-05-18 05:21:45,1,2.0
2013-05-18 05:35:58,1,6.0
2013-05-18 05:43:01,1,1.0
2013-05-18 05:51:33,1,38.0
2013-05-18 06:41:56,1,1.0
2013-05-18 06:47:08,1,1.0
2013-05-18 06:52:09,1,1.0
2013-05-18 08:05:11,1,2.0
2013-05-18 08:16:14,1,1.0
2013-05-18 08:26:16,1,1.0
2013-05-18 08:35:07,1,2.0
2013-05-18 10:41:18,1,4.0
2013-05-18 10:49:21,1,3.0
2013-05-18 11:20:27,1,1.0
2013-05-18 11:26:29,1,1.0
2013-05-18 11:32:20,1,1.0
2013-05-18 11:42:03,1,3.0
2013-05-18 11:57:27,1,1.0
2013-05-18 12:03:19,1,1.0
2013-05-18 12:05:30,1,1.0
2013-05-18 12:27:13,1,1.0
2013-05-18 12:44:37,1,1.0
2013-05-18 12:53:18,1,2.0
2013-05-18 13:35:26,1,2.0
2013-05-18 13:46:39,1,1.0
2013-05-18 14:03:42,1,1.0
2013-05-18 14:17:14,1,2.0
2013-05-18 14:51:20,1,5.0
2013-05-18 15:04:44,1,1.0
2013-05-18 15:13:25,1,6.0
2013-05-18 15:20:49,1,1.0
2013-05-18 15:26:30,1,6.0
2013-05-18 15:36:24,1,8.0
2013-05-18 15:48:08,1,13.0
2013-05-18 16:05:16,1,19.0
2013-05-18 16:28:17,1,8.0
2013-05-18 16:40:12,1,43.0
2013-05-18 17:27:07,1,19.0
2013-05-18 17:50:17,1,6.0
2013-05-18 18:00:11,1,15.0
2013-05-18 18:15:18,1,1.0
2013-05-18 18:16:49,1,8.0
2013-05-18 18:28:13,1,23.0
2013-05-18 18:55:46,1,7.0
2013-05-18 19:06:20,1,10.0
2013-05-18 19:16:45,1,3.0
2013-05-18 19:20:57,1,6.0
2013-05-18 19:30:31,1,47.0
2013-05-18 20:18:55,1,2.0
2013-05-18 20:36:28,1,32.0
2013-05-18 21:44:30,1,1.0
2013-05-18 21:49:41,1,8.0
2013-05-18 22:03:06,1,152.0
2013-05-19 00:38:41,1,6.0
2013-05-19 00:50:05,1,6.0
2013-05-25 04:23:45,1,1.0
2013-05-25 14:29:40,1,1.0
2013-05-25 15:10:57,1,16.0
2013-05-25 15:31:57,1,9.0
2013-05-25 15:44:42,1,8.0
2013-05-25 15:56:47,1,27.0
2013-05-25 16:31:52,1,76.0
2013-05-25 17:51:41,1,9.0
2013-05-25 18:04:47,1,10.0
2013-05-25 18:18:43,1,36.0
2013-05-25 18:58:32,1,9.0
2013-05-25 19:11:37,1,12.0
2013-05-25 19:27:34,1,8.0
2013-05-25 19:39:39,1,2.0
2013-05-25 19:43:00,1,18.0
2013-05-25 20:04:40,1,21.0
2013-05-25 20:31:02,1,4.0
2013-05-25 20:55:16,1,24.0
2013-05-25 21:23:39,1,10.0
2013-05-25 22:06:21,1,1.0
2013-05-25 22:10:51,1,2.0
2013-05-25 22:16:43,1,20.0
2013-05-25 22:40:54,1,39.0
2013-05-25 23:21:04,1,12.0
2013-05-25 23:37:01,1,15.0
2013-05-25 23:55:59,1,9.0
2013-05-26 00:05:54,1,8.0
2013-05-26 00:17:59,1,34.0
2013-05-26 00:55:57,1,11.0
2013-05-26 01:10:53,1,38.0
2013-05-26 01:49:33,1,8.0
2013-05-26 02:00:57,1,24.0
2013-05-26 02:33:10,1,4.0
2013-05-26 02:41:03,1,1.0
2013-05-26 02:46:14,1,25.0
2013-05-26 03:15:07,1,23.0
2013-05-26 03:42:09,1,65.0
2013-05-26 04:51:15,1,36.0
2013-05-26 05:30:57,1,22.0
2013-05-26 05:57:19,1,7.0
2013-05-26 06:08:03,1,42.0
2013-05-26 06:54:05,1,4.0
2013-05-26 07:02:28,1,9.0
2013-05-26 07:16:14,1,8.0
2013-05-26 07:28:18,1,15.0
2013-05-26 07:48:17,1,8.0
2013-05-26 08:00:43,1,1.0
2013-05-26 16:19:01,1,5.0
2013-05-26 16:32:25,1,90.0
2013-05-26 18:03:32,1,12.0
2013-05-26 18:20:10,1,15.0
2013-05-26 18:39:18,1,10.0
2013-05-26 18:53:14,1,16.0
2013-05-26 19:13:23,1,47.0
2013-05-26 20:04:17,1,27.0
2013-05-26 20:35:42,1,55.0
2013-05-26 21:34:30,1,13.0
2013-05-26 21:51:58,1,2.0
2013-05-26 22:02:40,1,14.0
2013-05-26 22:17:58,1,1.0
2013-05-26 22:23:19,1,1.0
2013-05-26 22:28:51,1,5.0
2013-05-26 22:46:35,1,23.0
2013-05-26 23:13:27,1,63.0
2013-05-27 00:21:30,1,23.0
2013-05-27 00:48:32,1,13.0
2013-05-27 01:05:29,1,20.0
2013-05-27 01:29:30,1,12.0
2013-05-27 01:45:48,1,3.0
2013-05-27 02:29:07,1,0.0
2013-05-27 02:34:10,1,9.0
2013-05-27 02:48:00,1,14.0
2013-05-27 03:03:08,1,20.0
2013-05-27 03:27:39,1,54.0
2013-05-27 04:25:47,1,23.0
2013-05-27 04:57:20,1,2.0
2013-05-27 05:12:14,1,1.0
2013-05-27 05:34:08,1,19.0
2013-05-27 06:25:54,1,2.0
2013-05-27 15:41:49,1,27.0
2013-05-27 16:09:43,1,1.0
2013-05-27 16:22:55,1,36.0
2013-05-27 17:03:34,1,21.0
2013-05-27 17:32:56,1,14.0
2013-05-27 18:31:00,1,14.0
2013-05-27 19:34:05,1,8.0
2013-05-27 19:50:20,1,29.0
2013-05-27 20:22:55,1,74.0
2013-05-27 21:40:51,1,20.0
2013-05-27 22:05:02,1,29.0
2013-05-27 22:38:17,1,7.0
2013-05-27 22:58:32,1,11.0
2013-05-27 23:10:29,1,4.0
2013-05-27 23:18:01,1,48.0
2013-05-28 00:10:17,1,19.0
2013-05-28 00:53:33,1,39.0
2013-05-28 01:33:32,1,16.0
2013-05-28 01:53:11,1,11.0
2013-05-28 02:09:08,1,25.0
2013-05-28 02:38:10,1,5.0
2013-05-28 02:51:34,1,4.0
2013-05-28 03:11:08,1,4.0
2013-05-28 03:23:31,1,1.0
2013-05-28 03:33:35,1,3.0
2013-05-28 03:40:50,1,2.0
2013-05-28 03:47:52,1,4.0
2013-05-28 03:56:45,1,2.0
2013-05-28 04:02:47,1,2.0
2013-05-28 04:08:18,1,9.0
2013-05-28 04:21:23,1,33.0
2013-05-28 04:58:31,1,11.0
2013-05-28 05:13:27,1,13.0
2013-05-28 05:30:34,1,21.0
2013-05-28 05:55:35,1,3.0
2013-05-28 06:10:28,1,5.0
2013-05-28 06:19:53,1,25.0
2013-05-28 06:48:29,1,17.0
2013-05-28 14:07:16,1,3.0
2013-05-28 16:51:54,1,3.0
2013-05-28 17:39:57,1,11.0
2013-05-28 17:55:54,1,2.0
2013-05-28 18:01:46,1,1.0
2013-05-28 18:06:47,1,1.0
2013-05-28 18:11:38,1,1.0
2013-05-28 18:16:49,1,16.0
2013-05-28 18:36:48,1,28.0
2013-05-28 19:08:43,1,11.0
2013-05-28 19:24:50,1,11.0
2013-05-28 19:36:15,1,2.0
2013-05-28 19:46:18,1,5.0
2013-05-28 19:55:51,1,6.0
2013-05-28 20:13:46,1,1.0
2013-05-28 20:23:18,1,6.0
2013-05-28 20:30:12,1,2.0
2013-05-28 20:37:14,1,3.0
2013-05-28 20:51:58,1,4.0
2013-05-28 20:59:50,1,3.0
2013-05-28 21:03:02,1,2.0
2013-05-28 21:17:04,1,3.0
2013-05-28 21:52:01,1,2.0
2013-05-28 22:03:14,1,9.0
2013-05-28 22:20:30,1,10.0
2013-05-28 22:35:05,1,2.0
2013-05-28 22:40:47,1,2.0
2013-05-28 22:59:01,1,1.0
2013-05-28 23:04:12,1,4.0
2013-05-28 23:16:05,1,6.0
2013-05-28 23:42:21,1,2.0
2013-05-29 00:01:05,1,28.0
2013-05-29 00:33:31,1,1.0
2013-05-29 00:43:02,1,7.0
2013-05-29 01:19:41,1,5.0
2013-05-29 01:28:14,1,3.0
2013-05-29 01:40:38,1,17.0
2013-05-29 02:26:41,1,1.0
2013-05-29 02:44:14,1,11.0
2013-05-29 03:00:11,1,30.0
2013-05-29 03:35:26,1,47.0
2013-05-29 04:26:52,1,1.0
2013-05-29 04:43:24,1,1.0
2013-05-29 04:45:35,1,3.0
2013-05-29 05:09:47,1,11.0
2013-05-29 05:32:45,1,7.0
2013-05-29 05:44:29,1,20.0
2013-05-29 06:24:24,1,9.0
2013-05-29 06:37:29,1,40.0
2013-05-29 07:21:20,1,5.0
